{
"labels"		: ["July", "August", "September", "October", "November", "December","January", "February", "March", "April", "May", "June"],
"dataFormat"	: "money",
"datasets" 		: [
				{
					"label"	: "Revenue generated by campaigns",
					"data"	: [
								529488, 403147, 852293, 1116541, 66819, 1203093,
								770894, 1489621, 1108426, 417067, 974591, 934247
							]
				},
				{
					"label"	: "Previous Year",
					"data"	: [
								429488, 405147, 852293, 2416541, 61819, 1003093,
								710894, 1289621, 2008426, 497067, 1094591, 904247
							]
				},
				{
					"label"	: "Projected Revenue",
					"data"	: [
								729488, 485147, 802293, 2016541, 91819, 1203093,
								730894, 1589621, 1708426, 797067, 994991, 964247
							]
				}
			]
}