yr,mn,wk,dy,1275007,1275008,1275009,1275010,1275011,1275012,1275013,1275014,1275015,1275016,1275017,1275018,1275019,1275020,1275021,1275022,1275023,1275024,1275025,1275026,1275027,1275028
2014,JAN,4,2014-01-20,4.25,4.50,3.75,4.60,4.40,4.40,4.20,3.40,4.00,,,,,,4.20,4.40,4.40,4.20,3.80,4.50,4.75,4.75
2014,JAN,4,2014-01-24,5.00,5.00,5.00,5.00,5.00,5.00,5.00,5.00,5.00,,,,,,5.00,5.00,5.00,3.00,5.00,,,
2014,JAN,5,2014-01-26,4.17,3.83,3.83,4.20,3.60,4.50,4.17,4.17,3.50,,,,,,3.25,3.00,3.50,3.00,3.25,2.00,3.00,2.40
2014,JAN,5,2014-01-30,,,,4.00,4.00,4.00,4.00,4.00,4.00,,,,,,,,,,,,,
2014,JAN,5,2014-01-31,5.00,5.00,5.00,,,,,,,,,,,,,,,,,,,
2014,FEB,6,2014-02-02,4.67,4.67,4.67,4.67,4.67,4.67,4.00,4.33,3.00,3.00,3.00,3.00,1.00,2.00,4.00,4.00,4.00,3.50,4.00,3.00,4.00,4.00
2014,FEB,6,2014-02-04,5.00,5.00,5.00,5.00,5.00,5.00,5.00,4.67,4.33,3.00,4.00,3.00,2.00,3.00,1.00,2.00,3.00,,,,5.00,5.00
2014,FEB,6,2014-02-07,3.00,3.00,3.00,4.00,4.00,3.00,3.00,3.00,3.00,1.00,1.00,1.00,1.00,1.00,,1.00,,,,,3.00,3.00
2014,FEB,7,2014-02-09,,,,5.00,5.00,5.00,5.00,5.00,5.00,5.00,5.00,5.00,5.00,4.00,,,,,,,5.00,5.00
2014,FEB,7,2014-02-12,4.00,4.00,4.00,4.00,4.00,5.00,5.00,5.00,3.00,,,,,,5.00,3.00,,3.00,3.00,,,
2014,FEB,7,2014-02-13,4.00,4.00,4.00,4.00,3.67,4.33,4.67,4.00,4.33,,,,,,,,,,,,5.00,5.00
2014,FEB,7,2014-02-15,5.00,5.00,5.00,5.00,5.00,5.00,5.00,5.00,5.00,,,,,,5.00,5.00,5.00,5.00,5.00,4.00,,
2014,FEB,8,2014-02-16,5.00,5.00,5.00,4.50,4.50,4.50,4.50,4.50,4.50,3.00,4.00,4.00,2.00,3.00,5.00,5.00,5.00,5.00,5.00,,3.00,3.00
2014,FEB,8,2014-02-17,4.50,4.33,4.17,4.00,4.00,4.17,4.17,4.00,3.83,4.33,3.67,4.33,4.33,4.33,4.17,3.83,4.00,4.50,4.17,,4.00,4.00
2014,FEB,8,2014-02-18,4.60,4.60,3.75,4.80,4.60,4.20,4.40,4.20,4.40,3.00,4.00,,3.00,3.00,3.67,4.00,4.33,3.67,3.00,,4.00,3.67
2014,FEB,8,2014-02-20,5.00,5.00,5.00,5.00,5.00,5.00,5.00,4.00,4.00,,,,,,5.00,4.00,4.00,5.00,5.00,,4.00,4.00
2014,FEB,8,2014-02-21,4.00,4.00,3.00,4.00,4.00,4.00,4.00,2.00,4.00,,,,,,4.00,4.00,4.00,1.00,1.00,,3.00,3.00
2014,FEB,9,2014-02-23,,,,2.00,2.00,5.00,5.00,3.00,3.00,,,,,,,,,,,,,
2014,FEB,9,2014-02-25,4.00,5.00,5.00,4.00,5.00,5.00,5.00,1.00,2.00,,,,,,1.00,5.00,4.00,4.00,3.00,,,
2014,MAR,10,2014-03-02,4.75,4.00,4.25,4.75,4.75,4.50,4.50,4.75,4.25,2.50,4.00,4.00,2.50,3.50,4.00,4.00,4.00,4.00,4.00,,5.00,5.00
2014,MAR,10,2014-03-03,5.00,5.00,5.00,5.00,5.00,4.50,5.00,5.00,4.50,5.00,5.00,5.00,5.00,5.00,5.00,4.00,4.00,5.00,5.00,5.00,5.00,4.50
2014,MAR,10,2014-03-06,5.00,5.00,4.00,5.00,4.00,5.00,5.00,5.00,5.00,,,,,,5.00,5.00,5.00,4.00,5.00,,,
2014,MAR,10,2014-03-07,5.00,5.00,5.00,5.00,5.00,5.00,5.00,4.00,5.00,3.00,,,,,,,,,,,5.00,
2014,MAR,10,2014-03-08,5.00,5.00,5.00,5.00,5.00,5.00,5.00,5.00,4.50,4.50,4.00,5.00,3.50,4.50,5.00,5.00,5.00,5.00,5.00,5.00,4.50,4.50
2014,MAR,11,2014-03-09,4.00,4.00,4.00,5.00,5.00,4.00,4.00,3.00,2.00,,,,,,3.00,1.00,4.00,3.00,3.00,,,
2014,MAR,11,2014-03-10,5.00,5.00,5.00,5.00,5.00,5.00,5.00,5.00,5.00,,,,,,,,,,,,5.00,5.00
2014,MAR,11,2014-03-11,4.00,4.00,4.00,4.50,3.00,4.00,4.00,1.50,1.00,,,,,,,,,,,,3.00,1.00
2014,MAR,11,2014-03-12,5.00,5.00,5.00,4.67,5.00,3.67,4.67,3.67,3.67,5.00,5.00,5.00,5.00,5.00,4.33,4.67,4.33,4.00,3.67,5.00,3.67,4.33
2014,MAR,11,2014-03-13,5.00,5.00,5.00,1.00,1.00,5.00,5.00,4.00,2.00,,,,,,,,,,,,2.00,2.00
2014,MAR,11,2014-03-14,5.00,4.50,5.00,4.00,4.00,4.50,4.50,4.50,3.50,,,,,,3.50,3.00,3.50,3.50,3.50,,4.50,4.50
2014,MAR,11,2014-03-15,5.00,5.00,5.00,5.00,5.00,4.00,4.00,4.00,3.00,,,,,,5.00,5.00,5.00,3.00,2.00,,4.00,4.00
2014,MAR,12,2014-03-16,4.60,4.60,4.60,4.60,4.20,4.60,4.80,4.80,4.20,4.00,4.00,4.50,3.00,3.50,4.00,3.00,3.00,3.00,3.00,,4.00,4.00
2014,MAR,12,2014-03-18,5.00,5.00,5.00,1.00,1.00,5.00,5.00,5.00,4.50,,,,,,5.00,5.00,5.00,5.00,4.00,,3.50,4.00
2014,MAR,12,2014-03-19,5.00,5.00,5.00,5.00,5.00,5.00,5.00,5.00,5.00,5.00,5.00,5.00,5.00,5.00,5.00,5.00,5.00,5.00,5.00,5.00,5.00,5.00
2014,MAR,12,2014-03-20,5.00,5.00,3.00,5.00,,5.00,5.00,5.00,,,,,,,5.00,5.00,5.00,5.00,5.00,,5.00,5.00
2014,MAR,13,2014-03-23,5.00,5.00,5.00,3.67,3.33,5.00,4.67,5.00,4.00,,,,,,5.00,4.50,4.00,4.50,4.50,,5.00,5.00
2014,MAR,13,2014-03-25,4.00,4.00,4.00,4.00,3.00,5.00,4.00,4.00,3.00,,,,,,4.00,4.00,4.00,4.00,3.00,,,
2014,MAR,13,2014-03-26,5.00,5.00,5.00,5.00,5.00,3.00,4.00,4.00,3.00,,,,,,,,,,,,3.00,3.00
2014,MAR,13,2014-03-29,3.00,3.00,3.00,4.00,4.00,4.50,4.50,4.50,4.00,,,,,,,,,,,,4.00,4.00
2014,MAR,14,2014-03-30,5.00,5.00,5.00,5.00,5.00,5.00,5.00,5.00,5.00,,,,,,5.00,5.00,5.00,5.00,5.00,5.00,5.00,5.00
2014,APR,14,2014-04-01,,5.00,,5.00,5.00,5.00,5.00,5.00,4.00,,,,,,5.00,4.00,5.00,4.00,5.00,,5.00,4.00
2014,APR,14,2014-04-02,5.00,4.00,3.00,4.50,3.00,4.50,5.00,5.00,4.00,,,,,,4.00,5.00,5.00,5.00,5.00,5.00,4.50,4.50
2014,APR,14,2014-04-03,4.50,3.00,4.50,4.50,4.50,4.50,4.50,3.50,4.50,,,,,,3.00,4.00,4.00,3.00,3.00,,4.00,4.00
2014,APR,14,2014-04-04,5.00,4.00,5.00,5.00,5.00,5.00,5.00,5.00,5.00,,,,,,2.00,2.00,,2.00,3.00,,5.00,3.00
2014,APR,14,2014-04-05,4.50,4.50,4.25,4.50,4.50,4.00,4.25,3.50,3.75,,,,,,4.00,3.67,4.00,3.67,4.00,,2.00,1.50
2014,APR,15,2014-04-06,5.00,5.00,5.00,5.00,5.00,5.00,5.00,5.00,4.67,,,,,,4.00,5.00,5.00,4.67,4.00,,4.50,5.00
2014,APR,15,2014-04-07,5.00,4.00,4.00,5.00,5.00,3.00,3.00,3.00,3.00,,,,,,4.00,4.00,4.00,4.00,4.00,,4.00,3.00
2014,APR,16,2014-04-13,5.00,4.50,5.00,5.00,4.50,5.00,5.00,5.00,4.00,,,,,,5.00,5.00,5.00,5.00,5.00,5.00,5.00,4.00
2014,APR,18,2014-04-27,5.00,5.00,5.00,5.00,5.00,5.00,5.00,5.00,5.00,,,,,,,,,,,,,
2014,MAY,18,2014-05-03,5.00,5.00,5.00,5.00,5.00,5.00,5.00,5.00,5.00,,,,,,,,,,,,,
2014,MAY,19,2014-05-04,4.00,4.00,3.00,2.50,2.50,3.50,3.50,3.00,1.50,,,,,,,,,,,,,
2014,MAY,19,2014-05-06,,,,5.00,5.00,5.00,5.00,5.00,5.00,,,,,,,,,,,,5.00,5.00
2014,MAY,20,2014-05-16,5.00,5.00,5.00,5.00,5.00,5.00,5.00,5.00,5.00,,,,,,,,,,,,,
2014,MAY,21,2014-05-18,5.00,5.00,5.00,5.00,5.00,4.00,4.00,4.00,5.00,1.00,,,,,4.00,3.00,3.00,4.00,3.00,,5.00,5.00
2014,MAY,21,2014-05-19,4.00,4.00,5.00,4.00,4.00,5.00,4.00,4.00,3.00,,,,,,3.00,4.00,3.00,2.00,3.00,,4.00,4.00
2014,MAY,21,2014-05-21,,,,5.00,5.00,5.00,5.00,5.00,5.00,,,,,,,,,,,,,
2014,MAY,22,2014-05-25,5.00,5.00,5.00,4.50,4.50,3.00,3.00,2.00,2.00,3.00,5.00,3.50,3.50,4.00,5.00,5.00,5.00,5.00,5.00,,,
2014,MAY,22,2014-05-26,5.00,5.00,5.00,5.00,5.00,2.00,1.00,2.00,1.00,4.00,4.00,4.00,4.00,3.00,4.00,4.00,4.00,4.00,3.00,,,
2014,MAY,22,2014-05-27,5.00,5.00,5.00,5.00,2.00,3.00,5.00,3.00,3.00,,,,,,5.00,5.00,5.00,2.00,3.00,,5.00,5.00
2014,MAY,22,2014-05-28,5.00,5.00,5.00,5.00,5.00,5.00,5.00,4.00,3.00,,,,,,3.00,4.00,4.00,3.00,3.00,,,
2014,MAY,22,2014-05-29,5.00,5.00,5.00,5.00,5.00,5.00,5.00,5.00,5.00,,,,,,4.00,3.00,,3.00,,,,
2014,MAY,22,2014-05-30,5.00,5.00,5.00,5.00,5.00,5.00,5.00,5.00,5.00,,,,,,5.00,5.00,5.00,4.00,4.00,,,
2014,MAY,22,2014-05-31,5.00,3.00,4.00,4.00,2.00,4.00,4.00,4.00,4.00,5.00,4.00,4.00,5.00,5.00,5.00,5.00,5.00,5.00,5.00,,,
2014,JUN,23,2014-06-01,5.00,5.00,5.00,4.00,4.50,4.50,4.50,4.50,3.50,,,,,,4.50,4.50,4.00,4.00,4.50,,,
2014,JUN,24,2014-06-08,3.83,3.80,3.40,4.00,4.13,4.38,4.50,4.38,4.38,4.25,2.50,3.50,3.25,3.50,4.50,3.25,4.00,3.25,3.75,1.00,4.00,3.50
2014,JUN,24,2014-06-10,4.00,4.00,4.00,3.00,4.00,4.00,5.00,4.00,5.00,4.00,3.00,4.00,4.00,3.00,,,,,,,5.00,4.00
2014,JUN,24,2014-06-11,3.00,2.00,2.00,1.00,1.00,4.00,4.00,4.00,4.00,,,,,,,,,,,,,
2014,JUN,24,2014-06-13,5.00,5.00,5.00,5.00,4.33,4.33,5.00,4.33,5.00,5.00,5.00,5.00,5.00,4.00,5.00,5.00,5.00,5.00,4.00,5.00,5.00,1.00
2014,JUN,25,2014-06-15,4.00,4.00,4.00,3.00,4.00,4.00,4.00,4.00,4.00,,,,,,1.00,3.00,3.00,4.00,1.00,,4.00,4.00
2014,JUN,25,2014-06-16,5.00,5.00,5.00,5.00,5.00,5.00,5.00,5.00,5.00,4.00,5.00,5.00,3.00,4.00,4.00,4.00,4.00,3.00,4.00,2.00,5.00,4.00
2014,JUN,25,2014-06-17,4.00,4.00,4.00,4.00,4.00,4.00,4.00,4.00,,5.00,5.00,5.00,5.00,,,,,,,,,
2014,JUN,25,2014-06-19,5.00,5.00,5.00,5.00,5.00,5.00,5.00,3.00,5.00,5.00,5.00,5.00,5.00,5.00,,,,,,,,
2014,JUN,25,2014-06-20,5.00,5.00,5.00,5.00,4.00,5.00,5.00,5.00,5.00,,,,,,,,,,,,,
2014,JUN,25,2014-06-21,4.00,3.00,3.00,4.00,3.50,4.50,3.50,4.50,2.50,5.00,5.00,4.50,4.00,4.00,4.50,3.50,3.50,3.50,4.00,,4.00,3.00
2014,JUN,26,2014-06-22,4.80,4.80,4.80,4.83,4.83,4.67,4.83,4.83,4.00,4.50,4.50,4.50,4.50,4.50,4.67,4.67,4.67,4.67,4.33,5.00,4.67,5.00
2014,JUN,26,2014-06-23,4.50,4.50,4.50,4.50,4.00,4.50,4.50,3.50,4.50,4.00,3.00,3.00,4.00,3.00,,,,,,,4.50,4.50
2014,JUN,26,2014-06-24,5.00,5.00,5.00,4.00,4.00,5.00,4.00,4.00,4.00,,,,,,3.00,2.00,4.00,4.00,1.00,,4.00,4.00
2014,JUN,26,2014-06-26,5.00,3.00,5.00,5.00,3.00,5.00,3.00,5.00,5.00,,,,,,4.00,5.00,5.00,4.00,5.00,,,
2014,JUN,27,2014-06-29,4.40,4.40,4.60,4.80,4.80,4.60,4.40,4.20,4.80,4.50,4.67,4.67,4.33,4.67,4.50,5.00,5.00,5.00,5.00,5.00,5.00,5.00
2014,JUN,27,2014-06-30,4.00,4.00,4.00,4.00,4.00,4.00,4.00,1.00,2.00,,,,,,,,,,,,,
2014,JUL,27,2014-07-02,4.00,4.00,1.00,5.00,5.00,5.00,5.00,5.00,5.00,4.00,5.00,5.00,3.00,3.00,3.00,5.00,5.00,3.00,3.00,,3.00,
2014,JUL,27,2014-07-03,5.00,4.67,5.00,4.67,4.67,5.00,5.00,4.67,4.67,4.67,4.67,5.00,4.50,4.33,4.50,4.00,5.00,4.00,4.00,,,
2014,JUL,27,2014-07-05,5.00,5.00,5.00,5.00,5.00,5.00,3.67,4.67,3.00,,2.00,5.00,3.00,5.00,,,,,,,4.00,3.00
2014,JUL,28,2014-07-06,5.00,4.33,4.67,5.00,5.00,5.00,5.00,5.00,5.00,5.00,5.00,5.00,4.00,5.00,5.00,5.00,5.00,4.50,5.00,5.00,5.00,5.00
2014,JUL,28,2014-07-07,5.00,5.00,5.00,5.00,5.00,5.00,5.00,5.00,4.50,5.00,5.00,5.00,5.00,5.00,,,,,,,,
2014,JUL,28,2014-07-08,4.00,4.00,4.00,4.00,4.00,5.00,5.00,5.00,5.00,,,,,,3.00,3.00,2.00,1.00,4.00,,3.00,2.00
2014,JUL,28,2014-07-09,5.00,5.00,5.00,5.00,5.00,5.00,5.00,5.00,5.00,5.00,5.00,5.00,5.00,5.00,5.00,5.00,5.00,4.00,5.00,5.00,5.00,5.00
2014,JUL,28,2014-07-10,5.00,5.00,5.00,5.00,5.00,5.00,5.00,5.00,5.00,,,,,,,,,,,,,
2014,JUL,28,2014-07-11,5.00,5.00,5.00,5.00,5.00,4.00,5.00,3.00,5.00,5.00,4.00,4.00,3.00,5.00,4.00,4.00,4.00,4.00,5.00,,4.00,4.00
2014,JUL,28,2014-07-12,5.00,5.00,5.00,,,5.00,5.00,4.00,5.00,,,,,,,,,,,,5.00,1.00
2014,JUL,29,2014-07-13,4.00,3.60,3.60,3.80,3.80,4.80,4.80,4.60,4.80,4.00,4.00,4.50,4.00,4.50,5.00,5.00,5.00,4.50,5.00,5.00,4.67,4.67
2014,JUL,29,2014-07-14,4.00,4.50,3.50,4.00,3.50,4.00,4.00,4.00,4.00,3.00,2.00,3.00,1.00,4.00,4.00,3.00,4.00,3.00,3.00,,,
2014,JUL,29,2014-07-15,5.00,5.00,5.00,5.00,5.00,4.00,4.00,4.00,3.00,,,,,,,,,,,,3.00,3.00
2014,JUL,29,2014-07-16,5.00,5.00,5.00,5.00,5.00,5.00,5.00,5.00,5.00,,,,,,,,,,,,5.00,5.00
2014,JUL,29,2014-07-17,5.00,4.00,4.50,5.00,5.00,5.00,5.00,5.00,5.00,,,,,,4.00,4.50,4.50,2.50,3.50,,,
2014,JUL,29,2014-07-18,5.00,5.00,5.00,5.00,5.00,5.00,5.00,5.00,5.00,,,,,,5.00,5.00,5.00,5.00,5.00,,,
2014,JUL,30,2014-07-20,4.00,3.50,3.50,4.00,3.00,4.00,4.00,3.33,3.00,,,,,,3.50,4.00,4.00,3.50,4.00,,3.00,1.00
2014,JUL,30,2014-07-21,5.00,5.00,5.00,5.00,5.00,5.00,5.00,5.00,5.00,,,,,,4.00,4.00,4.00,4.00,4.00,,,
2014,JUL,30,2014-07-22,,,,4.00,3.00,5.00,5.00,5.00,5.00,,,,,,,,,,,,5.00,5.00
2014,JUL,30,2014-07-23,3.50,2.00,1.00,3.50,3.50,4.50,4.50,4.50,4.50,,,,,,3.00,4.00,3.50,2.50,3.00,,4.00,4.00
2014,JUL,30,2014-07-24,4.00,4.50,4.00,3.00,4.00,3.50,4.50,3.50,3.50,3.00,4.00,4.50,3.50,2.50,3.00,3.50,4.50,3.50,2.50,4.00,2.00,2.00
2014,JUL,30,2014-07-25,5.00,5.00,5.00,5.00,5.00,5.00,5.00,5.00,5.00,,,,,,5.00,5.00,5.00,4.00,5.00,,5.00,5.00
2014,JUL,30,2014-07-26,5.00,4.25,4.50,4.75,4.75,4.50,4.75,3.50,4.25,4.00,4.50,4.50,4.00,4.50,3.67,4.33,4.00,4.00,3.67,4.00,,
2014,JUL,31,2014-07-27,4.00,3.80,4.00,5.00,4.60,5.00,5.00,4.40,5.00,4.25,4.25,4.75,4.50,4.25,4.80,4.20,4.80,4.25,4.60,5.00,5.00,5.00
2014,JUL,31,2014-07-28,4.50,5.00,4.50,5.00,5.00,4.50,4.50,4.50,4.50,4.00,2.00,5.00,3.00,3.00,5.00,5.00,5.00,5.00,4.00,,,
2014,JUL,31,2014-07-30,4.00,4.00,4.00,5.00,5.00,4.00,4.00,4.00,3.00,5.00,5.00,5.00,5.00,5.00,,,,,,,,
2014,JUL,31,2014-07-31,2.00,2.00,2.00,,,3.00,3.00,3.00,5.00,,,,,,3.00,3.00,3.00,3.00,3.00,,4.00,4.00
2014,AUG,31,2014-08-01,5.00,5.00,5.00,5.00,5.00,4.00,5.00,4.00,3.00,5.00,5.00,5.00,5.00,5.00,,,,,,,,
2014,AUG,31,2014-08-02,5.00,5.00,5.00,5.00,5.00,4.00,5.00,3.50,4.50,5.00,5.00,5.00,4.00,5.00,4.00,5.00,5.00,3.00,4.00,,4.00,
2014,AUG,32,2014-08-03,4.67,4.60,4.60,4.67,4.67,4.50,4.67,4.17,3.83,4.25,4.75,4.75,4.25,4.50,3.33,3.67,4.33,3.00,3.33,,4.50,4.50
2014,AUG,32,2014-08-07,5.00,5.00,5.00,5.00,5.00,5.00,5.00,5.00,5.00,5.00,5.00,5.00,5.00,5.00,5.00,5.00,5.00,5.00,5.00,,5.00,5.00
2014,AUG,32,2014-08-08,5.00,5.00,5.00,5.00,5.00,5.00,5.00,5.00,5.00,5.00,5.00,5.00,5.00,5.00,5.00,5.00,5.00,5.00,5.00,5.00,5.00,3.00
2014,AUG,32,2014-08-09,5.00,5.00,5.00,4.67,4.67,4.00,4.67,4.00,3.67,5.00,5.00,5.00,4.50,4.00,,,,,,,5.00,5.00
2014,AUG,33,2014-08-10,4.57,4.43,4.43,4.00,4.14,4.86,5.00,5.00,4.29,4.00,5.00,5.00,4.00,4.00,5.00,5.00,5.00,5.00,5.00,5.00,4.00,
2014,AUG,33,2014-08-11,4.00,4.00,5.00,4.50,4.50,4.50,4.50,4.50,3.50,5.00,5.00,5.00,5.00,5.00,3.00,4.00,4.00,3.00,3.00,,,
2014,AUG,33,2014-08-12,4.50,4.00,4.25,4.75,4.75,5.00,5.00,5.00,4.75,,,,,,3.00,3.00,5.00,3.00,4.00,,4.67,4.67
2014,AUG,33,2014-08-13,4.33,2.67,3.67,4.00,3.33,4.33,4.00,4.33,4.00,5.00,5.00,5.00,5.00,5.00,4.00,5.00,5.00,4.00,4.00,,3.00,3.00
2014,AUG,33,2014-08-14,5.00,5.00,5.00,5.00,4.75,5.00,5.00,5.00,5.00,4.50,4.50,5.00,4.50,4.50,5.00,5.00,5.00,2.50,4.00,,5.00,5.00
2014,AUG,33,2014-08-15,4.75,4.75,4.75,4.25,4.25,4.75,4.75,4.25,3.75,4.67,4.67,4.67,4.33,4.67,4.67,4.67,4.67,4.67,4.67,5.00,4.33,4.00
2014,AUG,33,2014-08-16,5.00,5.00,5.00,5.00,5.00,5.00,5.00,5.00,5.00,5.00,4.00,4.00,3.00,4.00,4.00,4.00,5.00,3.00,4.00,4.00,,
2014,AUG,34,2014-08-17,4.33,4.00,3.67,4.57,4.00,3.71,4.14,3.86,3.71,3.67,2.67,3.33,3.33,3.67,4.00,3.00,3.75,3.25,3.75,,4.67,4.00
2014,AUG,34,2014-08-18,4.67,4.67,4.67,5.00,5.00,5.00,5.00,4.67,5.00,4.00,3.50,4.00,3.00,4.50,4.33,4.67,4.67,3.33,4.67,,5.00,5.00
2014,AUG,34,2014-08-19,5.00,4.00,5.00,5.00,,5.00,5.00,5.00,5.00,5.00,5.00,5.00,4.00,4.00,4.00,4.00,3.00,3.00,3.00,3.00,,
2014,AUG,34,2014-08-20,5.00,5.00,5.00,5.00,5.00,5.00,5.00,5.00,5.00,5.00,5.00,5.00,5.00,5.00,5.00,5.00,5.00,5.00,5.00,5.00,5.00,5.00
2014,AUG,34,2014-08-21,5.00,5.00,5.00,5.00,5.00,5.00,5.00,4.67,4.67,,,,,,4.00,4.00,4.00,4.00,3.00,,,
2014,AUG,34,2014-08-22,5.00,5.00,5.00,5.00,5.00,5.00,5.00,3.00,5.00,3.00,3.00,4.00,4.00,4.00,5.00,5.00,5.00,5.00,5.00,,,
2014,AUG,34,2014-08-23,5.00,5.00,5.00,5.00,5.00,5.00,5.00,5.00,5.00,,,,,,5.00,5.00,5.00,5.00,5.00,,,
2014,AUG,35,2014-08-24,4.50,4.00,4.25,4.25,4.50,4.75,4.50,4.75,4.75,3.00,2.00,2.00,3.00,3.00,,,,,,,5.00,5.00
2014,AUG,35,2014-08-25,4.50,3.50,2.50,3.00,3.00,4.50,4.50,4.00,4.00,5.00,5.00,5.00,3.00,4.00,4.00,4.00,4.00,3.00,4.00,,,
2014,AUG,35,2014-08-26,,,,5.00,4.00,4.00,5.00,4.00,5.00,4.00,4.00,3.00,4.00,4.00,4.00,4.00,4.00,4.00,4.00,,,
2014,AUG,35,2014-08-27,4.33,4.33,4.33,4.33,4.33,4.00,4.00,4.00,4.33,3.50,3.00,3.50,3.50,3.50,3.00,4.00,4.00,3.00,3.00,,4.00,4.00
2014,AUG,35,2014-08-28,4.50,4.50,4.00,5.00,4.50,4.50,4.50,3.50,3.50,,,,,,4.00,5.00,5.00,4.00,5.00,,2.00,3.00
2014,AUG,35,2014-08-29,4.50,4.50,4.50,4.50,4.00,4.50,4.50,4.50,3.50,5.00,5.00,5.00,5.00,5.00,4.50,4.50,4.50,4.00,4.50,4.00,4.50,3.50
2014,AUG,35,2014-08-30,5.00,5.00,5.00,5.00,5.00,4.00,4.00,3.00,4.00,,,,,,2.00,4.00,4.00,2.00,2.00,,,
2014,AUG,36,2014-08-31,5.00,5.00,5.00,5.00,5.00,5.00,5.00,4.50,5.00,3.67,4.33,4.50,3.00,4.00,4.33,4.33,4.67,3.33,4.67,5.00,5.00,5.00
2014,SEP,36,2014-09-02,,,,5.00,5.00,5.00,5.00,5.00,3.00,,,,,,,,,,,,,
2014,SEP,36,2014-09-04,,,,5.00,5.00,5.00,5.00,5.00,5.00,,,,,,,,,,,,,
2014,SEP,36,2014-09-05,4.00,4.00,4.00,4.00,4.00,5.00,5.00,5.00,5.00,,,,,,5.00,5.00,5.00,5.00,5.00,5.00,,
2014,SEP,36,2014-09-06,5.00,5.00,5.00,5.00,5.00,5.00,5.00,4.00,4.00,,,,,,3.00,4.00,4.00,2.00,3.00,,1.00,2.00
2014,SEP,37,2014-09-07,4.50,4.25,4.00,4.75,4.67,4.75,4.75,3.25,3.75,5.00,1.00,5.00,5.00,5.00,5.00,5.00,5.00,5.00,5.00,,,
2014,SEP,37,2014-09-08,4.50,5.00,4.50,5.00,5.00,4.00,4.50,3.50,4.00,,5.00,5.00,,5.00,5.00,5.00,5.00,5.00,5.00,,,
2014,SEP,37,2014-09-09,5.00,5.00,5.00,5.00,5.00,5.00,5.00,5.00,4.50,3.00,1.00,4.00,4.00,4.00,4.50,4.00,5.00,4.00,4.00,,,
2014,SEP,37,2014-09-10,4.50,5.00,4.50,4.50,4.50,5.00,5.00,5.00,5.00,5.00,5.00,5.00,4.00,4.00,5.00,5.00,5.00,4.00,4.50,5.00,,
2014,SEP,37,2014-09-12,5.00,5.00,4.50,5.00,5.00,5.00,5.00,4.33,4.33,4.50,4.00,4.50,3.50,3.50,4.50,4.50,4.00,4.00,4.00,4.00,4.50,4.50
2014,SEP,38,2014-09-14,4.67,4.67,4.67,4.50,4.50,4.50,4.75,3.50,4.75,3.50,4.00,4.00,3.00,3.50,4.00,4.00,4.00,3.00,3.00,,4.00,3.00
2014,SEP,38,2014-09-15,5.00,4.00,5.00,4.00,4.00,4.00,5.00,4.00,5.00,4.00,5.00,5.00,4.00,5.00,,,,,,,,
2014,SEP,38,2014-09-16,5.00,5.00,5.00,5.00,5.00,5.00,5.00,5.00,5.00,5.00,5.00,5.00,4.00,4.00,5.00,5.00,5.00,4.00,4.00,4.00,5.00,
2014,SEP,38,2014-09-17,3.00,3.00,3.00,5.00,5.00,4.50,4.50,4.00,4.50,4.00,4.00,4.00,3.00,4.00,4.00,4.50,4.50,3.50,5.00,,,
2014,SEP,38,2014-09-18,5.00,5.00,5.00,5.00,5.00,5.00,5.00,4.00,5.00,,,,,,4.00,4.50,5.00,4.00,4.50,,,
2014,SEP,38,2014-09-20,5.00,5.00,5.00,5.00,5.00,5.00,5.00,4.67,4.67,3.67,4.33,4.67,4.33,3.67,4.50,4.50,5.00,4.50,4.50,4.50,5.00,4.00
2014,SEP,39,2014-09-21,4.67,4.83,4.00,4.67,4.83,4.17,4.17,4.17,4.50,3.20,4.00,4.50,3.80,3.80,4.50,4.75,4.67,4.25,4.50,,4.50,4.50
2014,SEP,39,2014-09-22,5.00,5.00,5.00,5.00,5.00,5.00,5.00,5.00,5.00,,,,,,5.00,5.00,5.00,5.00,4.00,,5.00,
2014,SEP,39,2014-09-23,5.00,5.00,5.00,5.00,5.00,5.00,5.00,5.00,5.00,4.50,4.50,4.50,3.50,4.50,4.67,5.00,4.67,4.00,4.00,,4.00,
2014,SEP,39,2014-09-24,5.00,5.00,5.00,5.00,5.00,5.00,5.00,4.00,5.00,,,,,,,,,,,,,
2014,SEP,39,2014-09-25,5.00,5.00,5.00,5.00,4.00,4.00,3.00,4.00,4.00,,,,,,4.00,5.00,5.00,4.00,4.00,,3.00,3.00
2014,SEP,39,2014-09-26,,5.00,,5.00,5.00,5.00,5.00,5.00,5.00,,,,,,5.00,5.00,5.00,5.00,5.00,,5.00,5.00
2014,SEP,39,2014-09-27,5.00,4.50,4.50,5.00,4.00,4.00,3.50,4.00,4.00,3.00,3.00,2.00,3.00,2.00,3.00,3.00,2.50,3.00,2.00,,3.00,3.00
2014,SEP,40,2014-09-28,4.77,4.69,4.69,4.71,4.43,4.71,4.64,4.57,4.57,3.78,3.70,4.10,3.80,4.10,4.29,4.29,4.14,4.14,4.00,5.00,4.83,5.00
2014,SEP,40,2014-09-29,4.00,4.00,4.00,4.00,4.00,3.00,4.00,3.00,4.00,4.00,2.00,3.00,3.00,3.00,3.00,2.00,3.00,2.00,3.00,,,
2014,SEP,40,2014-09-30,5.00,5.00,5.00,5.00,5.00,5.00,5.00,5.00,5.00,5.00,3.50,4.00,5.00,5.00,4.50,3.50,3.50,4.50,5.00,5.00,5.00,5.00
2014,OCT,40,2014-10-03,5.00,5.00,5.00,5.00,5.00,5.00,4.00,5.00,5.00,5.00,5.00,5.00,4.00,4.00,4.00,5.00,4.00,4.00,4.00,,4.00,3.00
2014,OCT,40,2014-10-04,5.00,5.00,5.00,5.00,5.00,5.00,5.00,5.00,5.00,,,,,,,,,,,,,
2014,OCT,41,2014-10-05,5.00,5.00,5.00,5.00,5.00,4.50,5.00,4.00,3.50,,,,,,,,,,,,5.00,5.00
2014,OCT,41,2014-10-10,5.00,5.00,5.00,5.00,5.00,5.00,5.00,5.00,5.00,,,,,,4.00,4.00,4.00,4.00,4.00,4.00,,
2014,OCT,41,2014-10-11,5.00,5.00,5.00,5.00,5.00,5.00,5.00,4.00,5.00,5.00,5.00,5.00,4.00,4.00,,,,,,,4.00,4.00
2014,OCT,42,2014-10-12,4.80,4.80,4.70,4.82,4.64,4.82,4.45,4.36,4.36,4.29,4.43,4.57,4.17,4.43,4.25,4.25,4.50,4.00,4.00,5.00,4.17,4.40
2014,OCT,42,2014-10-13,5.00,5.00,5.00,5.00,5.00,5.00,5.00,4.00,4.00,5.00,4.00,5.00,5.00,5.00,5.00,3.00,5.00,5.00,5.00,,,
2014,OCT,42,2014-10-14,4.00,3.00,3.00,4.50,5.00,4.00,4.50,3.00,3.00,4.00,3.00,3.00,3.00,3.00,,,,,,,,
2014,OCT,42,2014-10-17,4.50,4.50,4.50,4.50,4.50,5.00,5.00,4.00,5.00,5.00,4.50,5.00,4.50,4.00,5.00,5.00,5.00,5.00,5.00,,4.00,4.00
2014,OCT,43,2014-10-19,4.00,4.00,4.00,4.67,4.67,4.33,4.67,3.00,4.33,4.00,5.00,5.00,5.00,5.00,3.00,4.00,4.50,4.00,4.00,,3.50,3.00
2014,OCT,43,2014-10-20,,,,4.00,4.00,5.00,5.00,5.00,5.00,,,,,,3.00,4.00,4.00,4.00,4.00,,,
2014,OCT,44,2014-10-26,4.50,4.50,4.50,4.67,4.67,4.67,4.67,4.33,3.67,5.00,5.00,5.00,5.00,5.00,4.50,4.50,4.00,4.00,4.50,5.00,5.00,5.00
2014,OCT,44,2014-10-27,5.00,5.00,5.00,5.00,5.00,5.00,5.00,5.00,5.00,,,,,,,,,,,,,
2014,OCT,44,2014-10-30,5.00,5.00,5.00,5.00,5.00,4.75,5.00,4.50,5.00,,,,,,,,,,,,,
2014,NOV,45,2014-11-07,,,,5.00,5.00,5.00,5.00,3.00,5.00,,,,,,,,,,,,5.00,5.00
2014,NOV,45,2014-11-08,5.00,5.00,5.00,4.50,5.00,5.00,5.00,5.00,5.00,5.00,5.00,5.00,5.00,5.00,4.50,4.00,4.50,4.00,4.00,5.00,5.00,4.50
2014,NOV,46,2014-11-09,5.00,5.00,5.00,5.00,5.00,3.00,4.00,4.00,5.00,,,,,,,,,,,,3.00,3.00
2014,NOV,46,2014-11-12,5.00,5.00,5.00,4.00,4.00,5.00,4.00,4.00,5.00,,,,,,4.00,4.00,4.00,4.00,4.00,,,
2014,NOV,46,2014-11-13,5.00,5.00,5.00,5.00,5.00,5.00,5.00,1.00,5.00,5.00,5.00,5.00,5.00,5.00,5.00,5.00,5.00,5.00,5.00,,,
2014,NOV,47,2014-11-21,5.00,5.00,5.00,5.00,5.00,5.00,5.00,5.00,5.00,,,,,,,,,,,,,
2014,NOV,48,2014-11-23,4.00,4.00,3.00,5.00,4.00,5.00,4.00,4.00,4.00,,,,,,4.00,5.00,4.00,2.00,3.00,,5.00,4.00
2014,NOV,48,2014-11-27,5.00,5.00,5.00,5.00,5.00,5.00,5.00,5.00,5.00,5.00,5.00,5.00,5.00,5.00,5.00,5.00,5.00,5.00,5.00,,5.00,5.00
2014,NOV,48,2014-11-29,5.00,5.00,5.00,5.00,5.00,5.00,5.00,5.00,5.00,,,,,,5.00,5.00,5.00,3.50,5.00,,5.00,4.00
2014,NOV,49,2014-11-30,5.00,4.00,5.00,4.00,4.00,5.00,4.00,4.00,4.00,,,,,,,,,,,,,
2014,DEC,49,2014-12-01,5.00,5.00,5.00,5.00,5.00,5.00,5.00,5.00,5.00,,,,,,5.00,5.00,5.00,5.00,5.00,,,
2014,DEC,49,2014-12-06,,4.00,1.00,5.00,1.00,5.00,5.00,5.00,4.00,2.00,2.00,4.00,3.00,2.00,,,,,,,,
2014,DEC,50,2014-12-07,5.00,5.00,5.00,5.00,5.00,4.60,4.60,4.40,4.40,3.50,5.00,5.00,4.50,3.50,3.50,4.00,4.00,4.00,3.50,5.00,,1.00
2014,DEC,50,2014-12-08,5.00,5.00,5.00,5.00,5.00,5.00,5.00,5.00,5.00,,,,,,5.00,5.00,5.00,5.00,5.00,,,
2014,DEC,50,2014-12-11,5.00,5.00,5.00,5.00,5.00,4.50,5.00,5.00,3.50,5.00,5.00,5.00,5.00,5.00,5.00,5.00,5.00,5.00,5.00,5.00,1.00,
2014,DEC,50,2014-12-12,5.00,5.00,5.00,5.00,5.00,5.00,5.00,4.00,5.00,,,,,,5.00,5.00,5.00,5.00,5.00,,,
2014,DEC,51,2014-12-17,5.00,5.00,5.00,,,5.00,3.00,3.00,3.00,1.00,1.00,1.00,1.00,1.00,1.00,1.00,1.00,1.00,1.00,1.00,,
2014,DEC,51,2014-12-18,5.00,5.00,5.00,5.00,5.00,5.00,5.00,5.00,5.00,5.00,5.00,5.00,5.00,5.00,5.00,5.00,5.00,5.00,5.00,5.00,5.00,5.00
2014,DEC,52,2014-12-21,4.40,4.40,4.40,4.60,4.60,4.80,4.20,4.60,3.60,5.00,5.00,5.00,5.00,4.00,3.00,3.00,3.00,3.00,3.00,,3.50,3.50
2014,DEC,52,2014-12-22,5.00,5.00,5.00,5.00,4.00,5.00,5.00,5.00,4.00,,,,,,,,,,,,5.00,2.00
2014,DEC,52,2014-12-23,4.67,4.67,4.67,5.00,5.00,5.00,5.00,4.00,4.67,,,,,,4.00,1.00,5.00,2.00,3.00,,5.00,3.50
2014,DEC,52,2014-12-24,5.00,5.00,5.00,5.00,5.00,5.00,5.00,5.00,5.00,3.00,5.00,4.00,3.00,4.00,5.00,5.00,5.00,4.00,4.00,4.00,5.00,5.00
2014,DEC,52,2014-12-26,5.00,5.00,5.00,5.00,5.00,5.00,4.50,5.00,3.00,5.00,4.00,5.00,5.00,5.00,5.00,3.00,5.00,5.00,5.00,,5.00,5.00
2014,DEC,52,2014-12-27,5.00,5.00,5.00,5.00,5.00,5.00,5.00,5.00,5.00,5.00,5.00,5.00,5.00,5.00,5.00,5.00,5.00,5.00,5.00,5.00,5.00,5.00
2014,DEC,53,2014-12-28,4.75,4.83,4.00,4.17,4.40,4.50,4.17,4.50,3.67,2.00,3.00,3.00,3.00,2.00,3.25,2.75,3.00,3.50,3.25,3.00,4.50,4.50
2014,DEC,53,2014-12-29,5.00,4.00,4.67,5.00,4.67,4.00,4.67,3.33,4.33,3.50,2.00,2.50,2.50,2.50,4.00,2.00,3.00,3.33,3.67,,4.00,4.00
2014,DEC,53,2014-12-30,4.83,4.33,4.33,4.75,4.75,4.78,4.78,4.38,3.75,2.00,2.00,2.00,2.00,2.00,3.40,2.00,2.75,2.80,3.20,,4.00,4.17
2014,DEC,53,2014-12-31,3.50,3.00,3.00,4.00,4.00,3.50,3.50,3.00,3.00,,,,,,4.00,4.00,4.00,3.00,3.00,,3.50,3.00
2015,JAN,1,2015-01-01,4.86,4.57,4.71,4.86,4.86,4.86,4.43,4.43,4.43,5.00,5.00,5.00,4.00,4.50,4.00,3.50,4.00,4.20,3.50,,4.00,3.25
2015,JAN,1,2015-01-02,4.86,4.86,4.71,4.71,4.57,4.43,4.71,4.29,4.00,4.33,3.50,4.50,4.50,4.25,4.14,3.57,4.33,3.86,3.71,4.50,4.33,4.00
2015,JAN,1,2015-01-03,4.33,4.00,3.67,3.33,3.67,4.00,3.67,3.00,3.33,,,,,,4.00,2.67,3.33,3.33,3.33,,4.50,3.50
2015,JAN,2,2015-01-04,4.67,4.67,4.67,5.00,4.75,4.50,4.50,3.50,3.75,,,,,,3.00,2.33,3.67,3.33,3.00,,4.00,3.00
2015,JAN,2,2015-01-05,4.50,4.50,4.00,4.00,4.50,4.50,5.00,4.50,3.50,,,,,,3.00,4.00,4.00,3.00,3.00,,4.50,3.50
2015,JAN,2,2015-01-07,4.00,4.00,3.50,4.50,4.00,5.00,5.00,4.00,4.00,,,,,,4.00,5.00,5.00,4.00,4.00,,5.00,5.00
2015,JAN,2,2015-01-08,5.00,5.00,5.00,4.00,5.00,5.00,5.00,5.00,3.00,,,,,,4.00,5.00,5.00,3.00,4.00,,4.00,4.00
2015,JAN,2,2015-01-10,5.00,5.00,5.00,5.00,5.00,5.00,5.00,5.00,5.00,,,,,,5.00,5.00,5.00,5.00,5.00,5.00,,
2015,JAN,3,2015-01-11,5.00,5.00,5.00,5.00,5.00,4.80,4.60,4.40,4.20,,,,,,4.33,4.00,5.00,4.33,4.33,,5.00,5.00
2015,JAN,3,2015-01-13,5.00,5.00,5.00,5.00,5.00,5.00,5.00,4.00,5.00,,,,,,,,,,,,,
2015,JAN,3,2015-01-14,,,,2.00,2.00,3.00,3.00,3.00,1.00,,,,,,,,,,,,,
2015,JAN,3,2015-01-15,2.50,2.50,4.00,4.50,4.00,4.50,4.50,4.50,4.50,1.00,1.00,1.00,1.00,2.00,2.50,3.00,2.50,2.00,1.50,1.00,4.50,4.00
2015,JAN,3,2015-01-16,5.00,5.00,5.00,4.50,4.50,5.00,5.00,4.50,4.50,,,,,,5.00,5.00,5.00,4.00,5.00,,5.00,5.00
2015,JAN,4,2015-01-18,4.67,4.67,3.33,5.00,5.00,4.67,4.33,4.67,2.33,4.00,4.50,4.50,4.00,4.50,5.00,5.00,5.00,5.00,5.00,,4.00,4.00
2015,JAN,4,2015-01-19,4.62,4.14,4.45,4.67,4.40,4.53,4.60,3.87,3.73,2.00,3.00,3.00,1.50,1.50,3.71,3.71,3.86,3.83,3.71,,4.00,4.00
2015,JAN,4,2015-01-20,4.50,4.50,4.50,5.00,5.00,5.00,5.00,4.50,4.00,,,,,,4.00,4.00,4.00,4.00,4.00,4.00,5.00,4.00
2015,JAN,4,2015-01-21,5.00,5.00,5.00,5.00,5.00,5.00,5.00,5.00,5.00,,,,,,5.00,5.00,5.00,5.00,5.00,,5.00,
2015,JAN,4,2015-01-22,5.00,5.00,5.00,5.00,5.00,4.50,5.00,4.00,5.00,4.00,4.00,5.00,4.00,5.00,4.50,4.50,4.50,4.50,5.00,5.00,5.00,5.00
2015,JAN,5,2015-01-25,5.00,4.67,5.00,4.20,4.20,4.00,4.20,3.00,3.20,,,,,,3.33,3.67,3.67,3.33,3.33,,4.25,4.25
2015,JAN,5,2015-01-26,5.00,4.00,3.00,5.00,5.00,5.00,4.00,4.00,3.00,,,,,,,,,,,,,
2015,JAN,5,2015-01-27,3.75,3.75,3.50,4.60,4.20,4.60,4.60,4.60,3.80,,,,,,5.00,5.00,5.00,4.00,3.50,,4.50,3.50
2015,JAN,5,2015-01-29,5.00,5.00,5.00,5.00,5.00,5.00,5.00,5.00,5.00,,,,,,,,,,,,4.00,4.00
2015,FEB,6,2015-02-01,4.80,4.83,4.80,4.86,4.71,4.57,4.86,4.43,4.57,5.00,4.00,4.00,4.00,4.00,4.17,4.33,4.33,4.00,3.83,,4.33,4.00
2015,FEB,6,2015-02-02,5.00,5.00,5.00,5.00,5.00,5.00,5.00,5.00,5.00,,,,,,4.00,5.00,5.00,4.00,3.00,,5.00,5.00
2015,FEB,6,2015-02-03,4.50,4.50,4.50,5.00,5.00,4.71,4.43,4.43,4.00,4.00,5.00,5.00,3.00,4.00,3.67,4.00,4.33,4.00,4.67,,4.00,4.00
2015,FEB,6,2015-02-06,4.00,4.00,4.00,4.00,4.00,3.00,3.00,3.00,3.00,,,,,,1.00,1.00,1.00,1.00,1.00,,,
2015,FEB,7,2015-02-08,4.67,4.67,4.67,4.67,4.56,4.67,4.44,4.44,4.14,4.00,4.00,5.00,4.00,4.00,4.00,4.00,4.00,3.00,3.00,,4.25,3.86
2015,FEB,7,2015-02-09,5.00,,,5.00,,5.00,5.00,4.00,5.00,,,,,,5.00,5.00,5.00,5.00,5.00,3.00,3.00,4.00
2015,FEB,7,2015-02-11,5.00,5.00,5.00,5.00,5.00,5.00,4.33,5.00,4.33,3.50,4.50,4.50,4.50,4.50,5.00,5.00,5.00,5.00,5.00,5.00,,
2015,FEB,7,2015-02-12,5.00,5.00,5.00,5.00,5.00,5.00,5.00,5.00,5.00,5.00,5.00,5.00,,5.00,5.00,5.00,5.00,5.00,5.00,5.00,,
2015,FEB,7,2015-02-13,5.00,5.00,5.00,5.00,5.00,5.00,5.00,5.00,5.00,,,,,,5.00,4.00,5.00,5.00,5.00,,4.00,4.00
2015,FEB,7,2015-02-14,5.00,5.00,1.00,5.00,4.00,4.00,4.00,3.00,2.00,,,,,,4.00,1.00,2.00,2.00,3.00,,,
2015,FEB,8,2015-02-15,5.00,5.00,5.00,5.00,5.00,4.00,4.00,4.00,4.00,,,,,,4.00,5.00,5.00,5.00,5.00,,5.00,5.00
2015,FEB,8,2015-02-16,4.50,4.50,4.50,3.80,3.80,4.20,3.80,3.80,3.20,,,,,,4.00,4.00,4.00,4.50,4.00,,4.00,4.00
2015,FEB,8,2015-02-17,4.40,4.40,3.80,4.00,4.00,4.00,4.40,4.00,3.60,1.00,,,,,2.50,3.50,3.50,3.00,2.50,,3.67,3.67
2015,FEB,8,2015-02-18,4.00,3.67,3.33,4.00,4.00,3.75,3.75,3.75,4.50,5.00,5.00,5.00,5.00,5.00,5.00,5.00,5.00,5.00,5.00,5.00,3.67,3.33
2015,FEB,8,2015-02-19,5.00,5.00,5.00,5.00,5.00,5.00,5.00,3.50,4.00,,,,,,5.00,4.50,5.00,5.00,5.00,5.00,4.50,4.50
2015,FEB,8,2015-02-20,4.67,4.67,4.67,5.00,5.00,5.00,4.00,5.00,5.00,,,,,,3.00,5.00,5.00,3.00,3.00,,4.50,4.50
2015,FEB,8,2015-02-21,5.00,5.00,5.00,5.00,5.00,4.00,4.00,4.00,4.00,,,,,,,,,,,,3.00,4.00
2015,FEB,9,2015-02-22,4.75,4.75,4.75,4.67,4.78,4.89,4.89,4.33,4.44,4.00,3.50,4.25,4.00,3.75,4.67,4.33,4.67,4.40,4.50,5.00,4.57,4.33
2015,FEB,9,2015-02-23,5.00,5.00,5.00,5.00,5.00,5.00,5.00,5.00,5.00,,,,,,5.00,5.00,,,,,5.00,5.00
2015,FEB,9,2015-02-24,5.00,4.00,4.00,5.00,3.00,5.00,4.00,5.00,5.00,,,,,,4.00,4.00,4.00,4.00,4.00,,5.00,5.00
2015,FEB,9,2015-02-25,5.00,5.00,5.00,5.00,5.00,4.67,4.00,3.67,3.00,2.00,3.00,4.00,1.00,1.00,4.00,3.67,5.00,4.00,4.50,,4.50,5.00
2015,FEB,9,2015-02-27,4.50,4.50,4.00,4.33,4.33,4.67,4.67,4.00,3.67,1.00,4.00,,,5.00,5.00,5.00,5.00,5.00,5.00,5.00,4.00,4.00
2015,MAR,10,2015-03-01,4.79,4.50,4.57,4.86,4.79,4.64,4.71,3.77,3.23,4.00,2.00,4.00,4.00,3.33,3.89,2.11,3.33,4.00,3.67,,4.17,4.33
2015,MAR,10,2015-03-02,4.00,3.00,3.00,5.00,5.00,5.00,5.00,4.00,2.00,2.00,5.00,3.00,1.00,2.00,,,,,,,4.00,3.00
2015,MAR,10,2015-03-04,4.00,4.00,4.00,4.00,4.00,4.00,4.00,4.00,4.00,,,,,,4.00,4.00,4.00,3.00,3.00,,4.00,4.00
2015,MAR,10,2015-03-06,3.00,2.00,2.00,3.00,3.00,4.00,4.00,3.00,5.00,2.00,3.00,,1.00,5.00,3.00,4.00,4.00,4.00,3.00,,4.00,4.00
2015,MAR,10,2015-03-07,4.00,4.00,4.00,4.00,4.00,5.00,5.00,5.00,3.00,,,,,,,,,,,,,
2015,MAR,11,2015-03-08,4.56,4.60,4.56,4.64,4.55,4.18,4.09,3.45,3.18,4.67,4.67,5.00,5.00,4.00,3.71,2.86,3.43,3.57,3.57,5.00,3.88,3.43
2015,MAR,11,2015-03-09,5.00,5.00,5.00,5.00,5.00,4.67,4.67,4.33,4.33,,,,,,4.00,4.00,5.00,3.00,4.00,,4.00,4.00
2015,MAR,11,2015-03-10,5.00,5.00,5.00,5.00,5.00,5.00,5.00,4.67,4.67,5.00,5.00,5.00,5.00,5.00,5.00,5.00,5.00,5.00,5.00,,5.00,5.00
2015,MAR,11,2015-03-11,5.00,5.00,5.00,5.00,5.00,4.50,4.00,3.00,4.00,,,,,,4.00,5.00,5.00,4.00,2.00,,4.00,4.50
2015,MAR,11,2015-03-12,5.00,5.00,5.00,4.75,4.75,4.50,4.75,4.50,4.25,3.00,4.00,4.00,3.00,3.00,3.00,4.00,4.00,4.00,4.00,5.00,5.00,5.00
2015,MAR,11,2015-03-13,4.33,4.33,4.33,4.67,4.33,4.67,5.00,4.33,4.00,,,4.00,4.00,2.00,4.00,4.33,4.00,4.33,4.33,,3.00,2.50
2015,MAR,11,2015-03-14,4.00,,,5.00,4.00,4.00,4.00,4.00,2.00,,,,,,5.00,5.00,5.00,4.00,4.00,,,
2015,MAR,12,2015-03-15,4.50,4.63,4.63,4.63,4.63,4.75,4.75,4.50,4.38,4.00,3.00,4.00,4.00,4.00,4.00,3.00,3.00,3.50,3.50,,4.00,3.83
2015,MAR,12,2015-03-16,5.00,5.00,5.00,5.00,5.00,5.00,5.00,5.00,5.00,,,,,,4.00,2.50,4.00,3.00,3.00,,5.00,5.00
2015,MAR,12,2015-03-17,4.67,4.67,4.33,5.00,4.75,5.00,5.00,4.50,4.00,,,,,,4.67,5.00,5.00,4.67,5.00,5.00,4.67,4.67
2015,MAR,12,2015-03-18,5.00,5.00,5.00,4.00,3.00,5.00,5.00,5.00,5.00,,,,,,,,,,,,,
2015,MAR,12,2015-03-19,5.00,5.00,5.00,5.00,5.00,5.00,5.00,5.00,4.00,,,,,,,,,,,,5.00,5.00
2015,MAR,12,2015-03-20,,,,5.00,5.00,5.00,5.00,2.00,2.00,,,,,,5.00,5.00,5.00,5.00,5.00,,,
2015,MAR,12,2015-03-21,4.00,4.00,4.00,5.00,4.00,,,,,,,,,,3.00,3.00,2.00,3.00,3.00,,3.00,3.00
2015,MAR,13,2015-03-22,5.00,3.00,5.00,5.00,5.00,5.00,5.00,5.00,4.00,,,,,,5.00,5.00,5.00,4.00,4.00,,5.00,5.00
2015,MAR,13,2015-03-24,5.00,5.00,5.00,5.00,5.00,5.00,5.00,5.00,1.00,,,,,,4.00,5.00,5.00,5.00,3.00,,5.00,5.00
2015,MAR,13,2015-03-25,4.00,3.00,2.00,5.00,5.00,4.00,5.00,5.00,4.00,,,,,,,,,,,,,
2015,MAR,13,2015-03-28,4.00,4.00,4.00,4.00,4.00,5.00,5.00,5.00,5.00,,,,,,,,,,,,,
2015,MAR,14,2015-03-29,4.50,4.75,4.75,4.50,4.75,4.75,4.75,4.50,4.50,3.00,3.00,4.00,3.00,4.00,3.50,4.00,4.00,4.00,3.00,,4.33,4.33
2015,MAR,14,2015-03-30,4.50,3.50,3.50,3.50,3.25,4.25,4.50,3.75,3.75,,,,,,4.00,4.00,5.00,4.00,4.00,,4.25,3.00
2015,MAR,14,2015-03-31,5.00,5.00,5.00,5.00,5.00,4.50,4.50,4.00,4.00,5.00,4.00,5.00,4.00,4.00,,,,,,,5.00,4.00
2015,APR,14,2015-04-01,4.50,4.50,4.00,5.00,4.50,4.50,4.50,4.50,3.00,1.00,,,1.00,,3.00,4.00,5.00,5.00,3.00,,4.50,4.00
2015,APR,14,2015-04-02,5.00,5.00,4.60,4.80,4.20,4.20,4.80,4.00,3.80,1.00,3.00,3.00,1.00,1.00,3.25,3.50,4.00,3.00,3.50,,4.20,4.40
2015,APR,15,2015-04-05,5.00,4.67,4.67,5.00,4.25,4.25,4.00,4.75,3.75,4.33,4.67,4.33,4.00,4.67,4.00,2.50,3.00,2.50,3.50,,4.50,4.00
2015,APR,15,2015-04-06,,,,4.00,4.00,4.00,3.00,4.00,3.00,,,,,,4.00,4.00,4.00,4.00,3.00,,3.00,3.00
2015,APR,16,2015-04-12,4.88,4.75,4.50,4.50,4.75,4.63,4.63,4.50,4.75,4.80,2.60,4.80,4.40,4.40,4.00,3.80,4.25,4.20,3.60,,4.17,4.40
2015,APR,16,2015-04-15,5.00,5.00,5.00,5.00,5.00,5.00,5.00,5.00,5.00,,,,,,,,,,,,5.00,
2015,APR,16,2015-04-17,5.00,5.00,5.00,5.00,5.00,5.00,5.00,5.00,5.00,,,,,,,,,,,,,
2015,APR,17,2015-04-19,4.00,3.00,4.00,4.00,4.00,4.00,4.00,4.00,4.00,,,,,,,,,,,,4.00,4.00
2015,APR,17,2015-04-25,4.67,4.67,4.67,4.67,4.50,4.67,4.67,4.33,4.33,,,,,,5.00,5.00,5.00,5.00,5.00,5.00,4.00,2.00
2015,APR,18,2015-04-26,5.00,4.00,5.00,4.75,4.75,5.00,5.00,4.75,5.00,,,,,,4.00,4.00,4.00,3.00,3.00,,5.00,4.33
2015,APR,18,2015-04-29,,,,5.00,5.00,5.00,5.00,5.00,5.00,,,,,,,,,,,,,
2015,MAY,18,2015-05-02,5.00,5.00,5.00,5.00,5.00,5.00,5.00,5.00,5.00,5.00,5.00,5.00,4.00,5.00,,,,,,,,
2015,MAY,19,2015-05-03,5.00,5.00,5.00,5.00,5.00,5.00,5.00,4.50,4.00,5.00,5.00,5.00,5.00,5.00,5.00,5.00,5.00,5.00,5.00,,5.00,5.00
2015,MAY,19,2015-05-06,5.00,5.00,5.00,5.00,5.00,5.00,5.00,5.00,3.00,5.00,4.00,5.00,5.00,5.00,,,,,,,5.00,
2015,MAY,19,2015-05-09,4.00,4.00,4.00,5.00,3.00,4.00,5.00,5.00,4.00,5.00,3.00,4.00,5.00,5.00,,,,,,,,
2015,MAY,20,2015-05-10,5.00,5.00,5.00,5.00,5.00,5.00,5.00,5.00,4.67,4.50,4.00,4.50,4.00,5.00,4.00,3.00,4.00,3.00,5.00,,5.00,5.00
2015,MAY,20,2015-05-12,5.00,5.00,5.00,5.00,5.00,5.00,5.00,5.00,5.00,,,,,,5.00,5.00,5.00,5.00,5.00,5.00,5.00,5.00
2015,MAY,20,2015-05-14,5.00,5.00,5.00,5.00,5.00,5.00,5.00,5.00,5.00,,,,,,5.00,5.00,5.00,5.00,5.00,5.00,5.00,5.00
2015,MAY,20,2015-05-15,5.00,4.00,5.00,5.00,5.00,5.00,5.00,4.00,5.00,,,,,,,,,,,,,
2015,MAY,21,2015-05-17,4.25,3.75,3.75,4.25,3.50,4.25,4.00,3.75,4.25,4.00,3.00,5.00,4.00,3.00,2.67,2.33,2.33,3.50,2.33,,3.00,3.00
2015,MAY,21,2015-05-21,5.00,4.00,5.00,5.00,5.00,5.00,5.00,4.00,5.00,,,,,,3.00,4.00,3.00,4.00,4.00,,,
2015,MAY,21,2015-05-22,5.00,5.00,5.00,5.00,5.00,5.00,4.50,4.50,5.00,,5.00,5.00,4.00,4.00,4.00,5.00,5.00,4.00,4.00,,,
2015,MAY,22,2015-05-24,4.67,4.75,4.50,4.67,4.63,4.56,4.67,4.56,4.56,4.40,4.60,4.60,4.40,4.40,3.50,4.25,4.00,4.00,3.50,4.00,4.67,4.67
2015,MAY,22,2015-05-25,3.00,3.00,3.00,3.00,3.00,3.00,3.00,3.00,1.00,4.00,4.00,4.00,4.00,3.00,4.00,,,,,,,
2015,MAY,22,2015-05-29,4.50,4.50,3.50,5.00,5.00,5.00,4.50,2.50,2.00,,,,,,,4.00,5.00,2.00,4.00,,,
2015,JUN,23,2015-06-03,4.00,4.00,4.00,4.00,4.00,5.00,5.00,4.00,5.00,,,,,,,,,,,,4.00,3.00
2015,JUN,23,2015-06-05,5.00,5.00,5.00,5.00,5.00,5.00,5.00,5.00,5.00,4.00,4.00,5.00,3.00,1.00,4.00,5.00,5.00,3.00,2.00,,4.00,4.00
2015,JUN,24,2015-06-07,3.67,3.67,4.00,4.00,4.00,4.33,5.00,4.33,4.00,4.00,4.00,4.00,3.67,4.00,4.00,5.00,5.00,5.00,5.00,5.00,5.00,5.00
2015,JUN,24,2015-06-10,,5.00,5.00,5.00,5.00,5.00,5.00,5.00,5.00,,,,,,,,,,,,,
2015,JUN,24,2015-06-11,5.00,5.00,5.00,5.00,5.00,5.00,5.00,5.00,5.00,5.00,5.00,5.00,5.00,5.00,,,,,,,5.00,4.00
2015,JUN,24,2015-06-12,5.00,5.00,5.00,5.00,5.00,4.00,5.00,3.00,5.00,,,,,,5.00,5.00,5.00,4.00,4.00,,,
2015,JUN,24,2015-06-13,5.00,5.00,5.00,5.00,5.00,4.00,5.00,3.00,5.00,,,,,,,,,,,,,
2015,JUN,25,2015-06-14,4.75,4.75,4.75,4.75,4.75,4.75,4.75,4.25,3.75,4.00,3.00,3.50,3.50,3.50,5.00,5.00,4.50,4.00,4.50,,5.00,5.00
2015,JUN,25,2015-06-15,5.00,5.00,5.00,5.00,4.67,5.00,5.00,4.67,5.00,4.33,4.67,4.67,4.67,3.67,5.00,5.00,5.00,4.50,4.50,5.00,4.00,4.00
2015,JUN,25,2015-06-16,4.29,4.15,4.23,4.43,4.46,4.57,4.50,4.21,4.31,3.00,1.17,2.64,3.20,2.90,3.50,1.33,2.58,3.20,3.00,1.00,,
2015,JUN,25,2015-06-17,5.00,5.00,5.00,5.00,5.00,5.00,5.00,5.00,5.00,1.00,1.00,3.00,2.00,1.00,1.00,1.00,1.00,1.00,1.00,1.00,,
2015,JUN,25,2015-06-18,5.00,5.00,5.00,5.00,5.00,4.00,4.00,4.00,4.00,5.00,5.00,5.00,5.00,5.00,4.00,4.00,4.00,5.00,4.00,,,
2015,JUN,25,2015-06-19,5.00,5.00,5.00,5.00,5.00,4.67,5.00,5.00,5.00,5.00,4.67,4.33,4.67,5.00,4.50,2.50,3.50,4.50,4.50,5.00,5.00,5.00
2015,JUN,26,2015-06-21,5.00,5.00,5.00,5.00,5.00,5.00,5.00,5.00,5.00,5.00,5.00,5.00,5.00,5.00,,,,,,,,
2015,JUN,26,2015-06-22,5.00,5.00,5.00,5.00,5.00,4.00,4.50,4.00,4.50,5.00,5.00,5.00,5.00,5.00,5.00,5.00,5.00,5.00,5.00,5.00,4.00,4.00
2015,JUN,26,2015-06-23,4.67,4.67,4.67,4.67,4.67,5.00,5.00,4.33,5.00,4.00,4.00,4.50,4.50,4.50,5.00,4.50,5.00,4.50,4.00,5.00,5.00,5.00
2015,JUN,26,2015-06-24,4.67,4.67,4.67,4.67,4.67,4.33,4.33,3.67,4.33,4.00,2.50,4.00,4.00,3.50,4.00,4.00,4.00,3.00,4.00,,4.50,4.50
2015,JUN,26,2015-06-25,4.33,4.00,4.67,4.67,4.00,4.67,4.67,4.33,4.33,4.50,3.00,3.50,4.50,4.00,,,,,,,,
2015,JUN,27,2015-06-28,4.43,4.43,4.29,4.57,4.71,4.00,4.29,3.43,3.86,2.50,4.50,4.50,2.00,2.00,4.00,4.75,5.00,4.50,4.00,,3.00,2.00
2015,JUN,27,2015-06-29,5.00,5.00,5.00,5.00,5.00,4.00,4.00,4.00,4.00,1.00,1.00,1.00,1.00,1.00,,,,,,,5.00,
2015,JUN,27,2015-06-30,5.00,5.00,5.00,5.00,5.00,5.00,5.00,5.00,5.00,5.00,5.00,5.00,4.00,4.00,5.00,5.00,5.00,4.00,4.00,,,
2015,JUL,27,2015-07-01,5.00,5.00,5.00,5.00,5.00,4.00,4.00,4.00,4.00,,,,,,4.00,5.00,4.00,4.00,4.00,,,
2015,JUL,27,2015-07-02,4.67,4.67,4.67,4.67,4.67,4.67,4.67,4.00,4.67,5.00,5.00,5.00,5.00,5.00,4.00,3.33,4.00,4.00,4.00,,4.00,4.00
2015,JUL,27,2015-07-03,4.33,4.33,5.00,5.00,5.00,5.00,5.00,5.00,4.33,4.00,2.00,5.00,4.50,4.00,4.00,2.50,4.00,3.50,3.50,,5.00,5.00
2015,JUL,27,2015-07-04,4.00,3.50,4.00,4.00,3.00,4.00,3.00,3.50,3.50,2.00,2.00,2.00,3.00,3.00,2.00,2.00,2.00,1.00,2.00,,,
2015,JUL,28,2015-07-05,5.00,5.00,4.71,5.00,5.00,4.43,4.86,3.86,4.14,5.00,4.80,4.80,4.80,4.40,4.60,3.50,4.00,4.60,4.20,5.00,4.67,4.67
2015,JUL,28,2015-07-06,4.57,4.57,4.14,4.57,4.80,4.29,4.14,4.00,3.86,4.00,3.25,4.25,3.75,3.75,4.00,3.00,3.00,3.00,3.00,,4.25,4.00
2015,JUL,28,2015-07-09,4.00,4.00,4.00,5.00,5.00,4.00,4.00,4.00,4.00,5.00,1.00,3.00,3.00,3.00,5.00,2.00,3.00,3.00,3.00,,3.00,3.00
2015,JUL,28,2015-07-10,5.00,5.00,5.00,5.00,5.00,5.00,5.00,5.00,5.00,,,,,,,,,,,,,
2015,JUL,28,2015-07-11,5.00,5.00,5.00,5.00,5.00,5.00,5.00,5.00,5.00,5.00,5.00,5.00,4.00,4.00,,,,,,,,
2015,JUL,29,2015-07-12,4.50,4.50,4.50,4.50,4.50,4.50,4.50,3.50,4.00,,,,,4.00,3.00,4.00,4.00,4.00,4.00,,,
2015,JUL,29,2015-07-13,5.00,5.00,5.00,5.00,5.00,4.00,4.00,3.00,3.00,,,,,,2.00,3.00,3.00,1.00,2.00,,1.00,1.00
2015,JUL,29,2015-07-14,5.00,5.00,,5.00,5.00,4.00,4.00,4.00,4.00,4.00,3.00,,4.00,4.00,3.00,3.00,,3.00,3.00,,4.00,4.00
2015,JUL,29,2015-07-15,4.50,4.50,4.50,4.50,4.50,4.00,4.50,3.50,4.00,4.50,4.50,4.50,4.00,4.50,5.00,5.00,5.00,5.00,5.00,,3.00,3.00
2015,JUL,29,2015-07-16,4.86,4.86,4.86,5.00,5.00,4.57,4.57,4.29,4.14,4.00,4.75,4.50,3.75,4.00,4.20,3.00,4.00,3.80,3.40,5.00,5.00,5.00
2015,JUL,29,2015-07-18,,,,5.00,4.00,4.00,4.00,3.00,2.00,,,,,,,,,,,,,
2015,JUL,30,2015-07-19,5.00,5.00,5.00,4.50,4.17,4.50,4.50,4.33,4.00,5.00,4.00,5.00,5.00,5.00,3.50,3.00,4.00,4.00,3.50,5.00,4.00,5.00
2015,JUL,30,2015-07-20,5.00,5.00,5.00,5.00,5.00,5.00,5.00,5.00,5.00,4.00,5.00,5.00,5.00,4.00,5.00,5.00,5.00,5.00,5.00,,,
2015,JUL,30,2015-07-21,3.00,,1.00,4.00,2.00,4.00,4.00,2.00,4.00,,,,,,2.00,3.00,3.00,2.00,3.00,,,
2015,JUL,30,2015-07-22,4.80,4.60,4.80,4.33,4.33,4.17,4.00,4.00,4.20,3.67,2.67,4.33,4.00,3.67,4.00,4.00,4.33,3.67,4.33,,4.50,3.00
2015,JUL,30,2015-07-23,5.00,5.00,4.75,4.75,4.75,4.25,4.25,4.50,4.75,4.00,4.00,4.00,4.00,4.00,4.25,4.50,4.75,4.00,4.00,,5.00,4.00
2015,JUL,30,2015-07-24,5.00,4.33,4.33,5.00,5.00,4.33,4.33,4.00,4.33,5.00,2.00,5.00,5.00,5.00,4.33,3.00,3.67,3.67,3.67,,,
2015,JUL,30,2015-07-25,4.25,3.75,4.67,4.25,4.25,4.25,4.25,4.25,3.75,4.00,4.00,4.00,4.00,4.00,4.00,4.00,4.50,4.00,4.00,,4.00,
2015,JUL,31,2015-07-26,4.67,4.67,4.67,4.50,4.83,3.60,3.60,3.80,3.50,4.33,4.00,4.00,4.33,4.33,4.67,4.67,4.67,5.00,4.33,5.00,3.33,3.00
2015,JUL,31,2015-07-27,4.50,4.50,4.50,4.00,4.50,4.50,4.50,4.50,4.50,4.00,3.50,4.50,4.00,3.50,3.00,2.50,4.00,2.50,2.50,,4.00,3.00
2015,JUL,31,2015-07-28,5.00,5.00,5.00,5.00,5.00,5.00,5.00,5.00,5.00,3.00,4.00,4.00,3.00,4.00,,,,,,,,
2015,JUL,31,2015-07-29,4.50,4.00,4.00,4.67,4.67,3.67,4.33,3.33,4.33,4.50,3.50,5.00,4.50,4.00,4.00,5.00,4.00,4.00,4.00,,3.00,2.50
2015,JUL,31,2015-07-30,5.00,5.00,5.00,5.00,5.00,5.00,5.00,5.00,5.00,,,,,,5.00,5.00,5.00,5.00,5.00,,,
2015,JUL,31,2015-07-31,4.33,4.33,4.33,4.67,4.67,4.00,3.67,3.33,3.67,3.50,4.00,4.50,3.50,4.00,4.00,4.50,4.50,3.50,3.50,4.00,4.33,4.00
2015,AUG,31,2015-08-01,5.00,4.50,4.50,5.00,5.00,5.00,5.00,4.50,4.50,5.00,5.00,5.00,5.00,4.00,4.50,5.00,4.00,4.50,4.50,,,
2015,AUG,32,2015-08-02,5.00,5.00,5.00,4.80,4.80,4.80,4.40,4.80,4.00,4.33,3.75,4.00,3.75,3.00,4.00,3.00,4.50,4.00,4.00,,4.50,4.25
2015,AUG,32,2015-08-03,5.00,5.00,5.00,5.00,5.00,5.00,4.67,4.33,5.00,5.00,5.00,5.00,5.00,5.00,5.00,5.00,5.00,4.50,4.50,5.00,5.00,
2015,AUG,32,2015-08-04,4.83,4.83,4.80,5.00,4.83,4.33,4.67,3.67,3.83,4.25,4.00,4.50,4.00,4.25,,,,,,,5.00,3.00
2015,AUG,32,2015-08-05,5.00,5.00,5.00,5.00,5.00,4.50,5.00,4.00,3.00,4.00,3.00,3.00,3.00,3.00,4.50,5.00,5.00,4.00,4.00,,5.00,5.00
2015,AUG,32,2015-08-06,4.67,4.67,4.67,5.00,5.00,4.67,5.00,3.67,4.33,4.50,5.00,5.00,4.50,4.50,5.00,5.00,5.00,5.00,4.00,,,
2015,AUG,32,2015-08-07,5.00,5.00,4.50,4.83,4.83,4.83,4.83,4.33,3.83,4.50,3.50,4.00,4.00,4.00,4.25,4.50,4.50,3.75,4.25,3.00,4.00,
2015,AUG,32,2015-08-08,5.00,5.00,5.00,3.00,5.00,5.00,5.00,5.00,5.00,4.00,1.00,5.00,5.00,4.00,,,,,,,,
2015,AUG,33,2015-08-09,4.75,5.00,4.67,4.80,5.00,4.60,4.20,4.60,4.60,4.00,3.50,4.00,2.50,3.00,3.67,3.67,4.00,3.00,3.00,,4.00,4.00
2015,AUG,33,2015-08-10,4.50,4.50,5.00,4.00,4.67,4.33,4.67,4.00,5.00,3.50,3.50,5.00,5.00,4.00,3.50,4.00,5.00,5.00,4.00,,3.50,4.50
2015,AUG,33,2015-08-12,4.60,4.33,4.33,4.40,4.50,4.40,3.40,4.00,4.00,3.33,3.67,4.00,2.67,3.00,2.50,3.00,3.50,3.50,2.33,1.00,4.00,5.00
2015,AUG,33,2015-08-13,4.00,4.00,4.00,4.50,4.50,4.00,3.50,4.00,4.00,3.00,1.00,3.00,3.00,1.00,,,,,,,,
2015,AUG,33,2015-08-14,5.00,5.00,5.00,5.00,5.00,5.00,5.00,3.67,5.00,5.00,5.00,5.00,5.00,5.00,3.50,4.50,3.00,5.00,3.50,5.00,5.00,5.00
2015,AUG,33,2015-08-15,4.00,4.00,4.00,3.00,4.00,4.00,4.00,4.00,4.00,,,,,,3.00,3.00,3.00,3.00,4.00,,,
2015,AUG,34,2015-08-16,4.50,4.50,4.33,4.33,4.17,4.33,4.50,3.83,4.00,5.00,5.00,5.00,5.00,5.00,4.50,4.25,3.75,4.00,4.00,3.67,4.67,4.67
2015,AUG,34,2015-08-17,3.50,3.50,3.50,3.00,3.00,3.00,3.50,3.00,2.50,4.00,4.00,4.00,4.00,4.00,,,,,,,4.00,4.00
2015,AUG,34,2015-08-19,4.67,4.67,4.67,5.00,5.00,5.00,5.00,5.00,5.00,4.50,4.00,4.50,4.50,3.50,5.00,4.50,4.50,4.00,4.00,,4.50,4.50
2015,AUG,34,2015-08-20,4.67,4.67,4.67,4.67,4.67,4.00,4.33,3.67,4.00,3.00,2.00,4.33,4.00,3.67,4.00,4.00,5.00,5.00,4.00,,4.00,
2015,AUG,34,2015-08-21,5.00,5.00,5.00,5.00,5.00,5.00,5.00,5.00,5.00,,,,,,4.00,3.00,4.00,3.00,5.00,,,
2015,AUG,34,2015-08-22,5.00,5.00,5.00,5.00,5.00,4.00,3.00,3.00,5.00,5.00,5.00,5.00,5.00,5.00,5.00,5.00,5.00,5.00,5.00,,,
2015,AUG,35,2015-08-23,4.67,4.67,4.67,4.75,4.75,4.75,4.75,4.50,4.75,4.00,3.00,4.00,3.50,3.50,4.25,4.25,4.50,3.50,4.25,,5.00,
2015,AUG,35,2015-08-24,5.00,5.00,5.00,5.00,5.00,5.00,5.00,5.00,5.00,5.00,4.00,5.00,5.00,5.00,2.50,2.50,3.50,2.00,2.50,,,
2015,AUG,35,2015-08-25,5.00,5.00,5.00,5.00,5.00,5.00,5.00,5.00,3.50,3.50,4.00,5.00,4.00,4.00,3.00,3.00,3.00,3.00,3.00,4.00,5.00,
2015,AUG,35,2015-08-26,5.00,4.80,4.80,4.50,4.67,4.17,4.17,3.67,4.33,4.67,2.33,4.50,4.67,4.33,3.75,3.75,4.75,4.25,4.25,5.00,4.00,3.33
2015,AUG,35,2015-08-27,5.00,5.00,5.00,5.00,5.00,4.00,4.00,3.50,4.00,3.00,3.00,5.00,3.00,3.00,4.00,4.00,5.00,3.00,4.00,,,
2015,AUG,35,2015-08-28,4.67,4.67,4.33,4.33,4.33,4.33,4.33,4.33,4.33,4.00,4.00,4.33,3.33,3.67,4.00,3.00,4.50,3.50,4.00,5.00,5.00,5.00
2015,SEP,36,2015-09-01,4.00,4.00,4.00,5.00,4.00,4.00,3.00,4.00,4.00,,2.00,3.00,4.00,3.00,3.00,2.00,3.00,4.00,3.00,,,
2015,SEP,37,2015-09-06,5.00,5.00,5.00,5.00,5.00,5.00,5.00,5.00,5.00,4.00,4.00,3.00,4.00,4.00,5.00,5.00,5.00,5.00,5.00,5.00,5.00,5.00
2015,SEP,37,2015-09-07,4.50,4.67,4.67,4.60,4.40,4.00,3.60,4.00,3.60,3.50,2.50,3.25,3.50,3.00,4.33,4.33,4.33,4.33,4.33,4.00,4.00,3.67
2015,SEP,37,2015-09-08,,5.00,,5.00,5.00,3.00,5.00,3.00,5.00,3.00,1.00,1.00,1.00,1.00,3.00,4.00,,2.00,3.00,,5.00,4.00
2015,SEP,37,2015-09-09,5.00,5.00,5.00,4.67,5.00,5.00,5.00,3.67,4.00,3.50,4.50,3.50,3.50,3.00,4.00,3.50,3.50,3.00,3.00,,,
2015,SEP,37,2015-09-10,5.00,5.00,5.00,4.80,4.80,4.40,4.75,4.25,3.60,4.50,3.00,2.00,4.50,4.00,4.00,2.00,,3.00,3.00,1.00,5.00,
2015,SEP,37,2015-09-11,4.50,4.40,4.25,4.50,4.40,4.50,4.67,4.33,3.83,4.00,5.00,3.00,3.00,4.00,3.00,2.50,2.50,2.50,2.50,,4.00,4.00
2015,SEP,37,2015-09-12,5.00,5.00,5.00,5.00,5.00,5.00,5.00,5.00,5.00,5.00,2.00,5.00,5.00,3.00,,,,,,,5.00,5.00
2015,SEP,38,2015-09-13,5.00,4.00,4.00,5.00,5.00,5.00,5.00,4.50,5.00,5.00,5.00,5.00,5.00,5.00,4.00,5.00,5.00,4.00,5.00,,5.00,5.00
2015,SEP,38,2015-09-14,4.00,4.00,4.00,5.00,5.00,5.00,5.00,5.00,5.00,3.00,1.00,,3.00,3.00,,,,,,,4.00,4.00
2015,SEP,38,2015-09-15,5.00,5.00,5.00,5.00,5.00,5.00,5.00,5.00,5.00,5.00,5.00,5.00,5.00,5.00,,,,,,,5.00,5.00
2015,SEP,38,2015-09-16,5.00,5.00,5.00,5.00,5.00,3.00,5.00,3.00,5.00,5.00,5.00,5.00,5.00,5.00,5.00,5.00,5.00,4.00,5.00,,,
2015,SEP,38,2015-09-17,4.67,4.67,4.67,5.00,5.00,4.67,4.67,4.00,4.00,2.00,1.00,2.00,2.00,1.00,3.00,3.33,3.67,2.33,3.00,,5.00,5.00
2015,SEP,38,2015-09-18,5.00,5.00,4.80,4.83,4.83,4.50,4.83,4.50,4.67,4.00,3.60,4.40,3.80,3.75,4.00,3.00,4.00,3.00,3.25,3.00,4.50,3.50
2015,SEP,38,2015-09-19,5.00,5.00,5.00,5.00,5.00,5.00,5.00,5.00,5.00,4.00,3.00,3.00,5.00,5.00,5.00,3.00,5.00,5.00,5.00,,4.00,5.00
2015,SEP,39,2015-09-20,5.00,3.00,3.00,3.00,4.00,4.00,4.00,3.00,3.00,,,,,,3.00,3.00,3.00,2.00,3.00,,,
2015,SEP,39,2015-09-21,5.00,5.00,5.00,5.00,5.00,5.00,3.00,5.00,5.00,,,,,,5.00,5.00,5.00,5.00,5.00,,,
2015,SEP,39,2015-09-22,4.00,4.00,4.00,4.00,4.00,3.50,4.00,3.50,3.50,4.00,3.50,4.00,4.00,4.00,4.00,4.00,4.00,5.00,4.00,3.00,5.00,1.00
2015,SEP,39,2015-09-23,5.00,5.00,,5.00,5.00,5.00,5.00,3.00,5.00,,,,,,5.00,5.00,5.00,5.00,5.00,,,
2015,SEP,39,2015-09-24,4.50,4.50,4.50,5.00,5.00,4.50,4.50,5.00,5.00,5.00,5.00,5.00,5.00,5.00,5.00,4.00,4.00,4.00,4.00,,,
2015,SEP,39,2015-09-25,4.79,4.86,4.79,4.79,4.71,4.86,4.86,4.50,4.50,3.25,3.25,3.27,4.00,4.17,3.38,3.46,3.46,3.90,3.88,4.33,5.00,5.00
2015,SEP,39,2015-09-26,3.00,,,4.00,4.00,4.00,4.00,1.00,1.00,,,,,,1.00,1.00,1.00,2.00,1.00,1.00,,
2015,SEP,40,2015-09-27,4.78,4.44,4.67,4.80,4.60,4.50,4.30,4.40,4.40,3.40,2.83,3.17,3.20,3.17,3.40,2.40,3.00,3.40,3.20,,,
2015,SEP,40,2015-09-28,5.00,5.00,5.00,5.00,5.00,5.00,5.00,4.00,5.00,5.00,3.00,5.00,5.00,5.00,4.00,3.00,3.00,4.00,4.00,,,
2015,SEP,40,2015-09-29,4.75,4.25,4.75,4.75,4.67,4.67,4.67,4.33,4.67,4.50,3.00,3.50,3.00,4.00,3.67,4.67,4.67,3.33,3.67,5.00,4.33,4.67
2015,SEP,40,2015-09-30,5.00,5.00,5.00,5.00,5.00,5.00,5.00,4.00,5.00,4.00,4.00,4.00,4.00,4.00,5.00,5.00,5.00,5.00,5.00,,4.00,4.00
2015,OCT,40,2015-10-01,5.00,5.00,5.00,5.00,4.67,5.00,5.00,5.00,5.00,5.00,4.00,5.00,4.00,5.00,5.00,4.00,5.00,4.50,3.50,,4.67,4.33
2015,OCT,40,2015-10-02,,,,4.00,4.00,5.00,5.00,5.00,5.00,,,,,,3.00,5.00,4.00,4.00,4.00,,,
2015,OCT,40,2015-10-03,4.00,4.00,4.00,4.00,4.00,4.00,4.00,4.00,4.00,,1.00,,,,4.00,4.00,4.00,4.00,3.00,,4.00,4.00
2015,OCT,41,2015-10-04,4.67,4.75,5.00,4.75,4.75,4.75,4.50,4.00,4.75,3.33,3.00,3.25,2.75,3.67,3.33,3.67,4.33,3.00,3.00,,4.00,4.00
2015,OCT,41,2015-10-05,5.00,5.00,5.00,5.00,5.00,5.00,5.00,5.00,5.00,5.00,5.00,5.00,5.00,5.00,5.00,5.00,5.00,5.00,5.00,5.00,,
2015,OCT,41,2015-10-06,4.50,4.00,4.50,4.50,4.50,4.50,4.00,3.50,3.50,,,,,,3.00,4.00,4.00,3.00,3.00,,3.00,3.00
2015,OCT,41,2015-10-07,5.00,5.00,5.00,5.00,5.00,5.00,5.00,5.00,5.00,,,,,,,,,,,,,
2015,OCT,41,2015-10-08,5.00,5.00,5.00,5.00,5.00,4.50,5.00,5.00,5.00,4.00,3.00,4.00,3.00,5.00,,,,,,,4.00,4.00
2015,OCT,41,2015-10-09,5.00,5.00,5.00,5.00,5.00,5.00,5.00,5.00,5.00,,,,,,5.00,,5.00,,,,,
2015,OCT,41,2015-10-10,3.00,3.00,3.00,3.50,4.00,4.50,4.00,3.50,3.00,,,,,,3.00,4.00,4.00,1.00,1.00,,5.00,5.00
2015,OCT,42,2015-10-11,3.00,3.00,3.00,3.00,3.00,4.50,4.50,4.50,3.50,1.00,4.00,4.00,2.00,1.00,2.00,3.00,4.00,2.00,1.00,,5.00,5.00
2015,OCT,42,2015-10-12,4.50,4.50,4.50,4.00,4.00,2.50,3.00,3.00,3.00,1.00,1.00,1.00,1.00,1.00,2.00,2.00,2.50,2.50,2.00,1.50,2.00,2.00
2015,OCT,42,2015-10-15,,,,5.00,5.00,5.00,5.00,5.00,5.00,,,,,,,,,,,,5.00,5.00
2015,OCT,42,2015-10-16,4.00,3.50,3.00,4.33,4.33,4.00,3.33,3.67,3.00,,,,,,4.00,3.67,4.00,3.67,3.67,,3.00,2.67
2015,OCT,42,2015-10-17,4.67,4.67,4.67,4.67,4.00,4.33,3.67,4.33,5.00,,,,,,4.00,3.00,4.00,4.00,3.50,,4.50,4.50
2015,OCT,43,2015-10-18,4.50,4.54,4.50,4.60,4.53,4.27,4.00,4.33,3.80,3.33,3.00,3.83,3.50,3.00,3.00,2.13,3.13,3.25,2.63,3.00,4.42,4.00
2015,OCT,43,2015-10-22,5.00,,,5.00,5.00,5.00,5.00,4.00,5.00,,,,,,,,,,,,,
2015,OCT,43,2015-10-24,5.00,5.00,5.00,5.00,5.00,4.50,4.00,4.50,5.00,4.00,4.00,5.00,5.00,4.00,,,,,,,,
2015,OCT,44,2015-10-25,4.33,4.29,4.00,4.43,4.57,4.00,4.33,4.29,4.00,,1.00,,,,3.50,4.00,4.00,3.00,2.50,,5.00,5.00
2015,OCT,44,2015-10-26,5.00,5.00,5.00,4.00,5.00,5.00,5.00,5.00,5.00,,,,,,,,,,,,,
2015,OCT,44,2015-10-27,4.82,4.90,4.90,4.91,5.00,4.70,4.60,4.30,4.50,3.88,3.00,4.00,2.25,4.00,4.38,4.00,3.75,4.00,2.00,,4.00,3.00
2015,NOV,45,2015-11-01,5.00,5.00,5.00,5.00,5.00,4.50,4.50,4.00,5.00,,,,,,,,,,,,5.00,4.00
2015,NOV,45,2015-11-03,,,,4.50,4.50,5.00,4.50,4.50,4.50,,,,,,,,,,,,,
2015,NOV,46,2015-11-08,5.00,5.00,5.00,5.00,5.00,5.00,5.00,5.00,5.00,,,,,,,,,,,,,
2015,NOV,46,2015-11-14,4.50,4.50,4.50,4.00,4.00,5.00,5.00,5.00,3.00,,,,,,,,,,,,,
2015,NOV,48,2015-11-22,5.00,5.00,5.00,5.00,5.00,5.00,5.00,3.67,4.67,,,,,,,,,,,,,
2015,NOV,49,2015-11-29,5.00,5.00,5.00,4.75,4.75,5.00,5.00,4.50,4.75,,,,,,4.00,5.00,5.00,4.00,4.50,,4.50,4.50
2015,NOV,49,2015-11-30,5.00,5.00,5.00,5.00,5.00,3.00,3.00,3.00,3.00,,,,,,2.00,3.00,4.00,1.00,2.00,,,
2015,DEC,49,2015-12-03,5.00,5.00,5.00,5.00,5.00,5.00,5.00,4.00,5.00,,,,,,,,,,,,,
2015,DEC,49,2015-12-04,5.00,5.00,5.00,4.00,4.00,4.00,4.00,3.00,4.00,,,,,,,,,,,,3.00,3.00
2015,DEC,50,2015-12-06,5.00,5.00,5.00,5.00,5.00,5.00,5.00,5.00,5.00,,,,,,4.50,4.50,4.50,4.50,4.50,5.00,,
2015,DEC,50,2015-12-09,5.00,5.00,5.00,5.00,5.00,5.00,5.00,5.00,5.00,,,,,,,,,,,,,
2015,DEC,51,2015-12-13,5.00,5.00,5.00,5.00,5.00,5.00,5.00,2.00,5.00,5.00,5.00,5.00,5.00,5.00,5.00,5.00,5.00,5.00,5.00,,5.00,5.00
2015,DEC,51,2015-12-17,5.00,5.00,5.00,4.00,4.00,5.00,5.00,5.00,5.00,,,,,,,,,,,,4.00,4.00
2015,DEC,51,2015-12-18,5.00,,,5.00,,5.00,5.00,5.00,5.00,5.00,5.00,5.00,5.00,5.00,5.00,5.00,5.00,5.00,5.00,,5.00,5.00
2015,DEC,51,2015-12-19,5.00,5.00,5.00,5.00,5.00,5.00,5.00,5.00,4.00,,,,,,,,,,,,,
2015,DEC,52,2015-12-20,4.75,4.50,4.25,4.50,4.75,4.75,4.75,4.75,5.00,4.00,3.50,3.50,4.50,4.00,4.50,3.50,3.50,4.50,4.50,,4.50,4.50
2015,DEC,52,2015-12-22,4.50,4.50,4.50,4.50,4.50,4.00,4.00,4.00,4.00,,,,,,4.00,4.00,5.00,3.00,1.00,,4.00,4.00
2015,DEC,52,2015-12-23,5.00,5.00,5.00,5.00,5.00,5.00,5.00,5.00,3.00,,,,,,,,,,,,,
2015,DEC,52,2015-12-24,3.00,3.00,1.00,2.00,3.00,4.00,3.00,3.00,2.00,,,,,,,,,,,,3.00,2.00
2015,DEC,53,2015-12-27,5.00,5.00,5.00,5.00,5.00,5.00,3.00,5.00,5.00,,,,,,2.00,2.00,3.00,3.00,2.00,,5.00,
2015,DEC,53,2015-12-29,4.00,4.00,4.00,4.00,5.00,5.00,4.00,4.00,5.00,,,,,,4.00,3.00,4.00,3.00,4.00,,4.00,
2015,DEC,53,2015-12-30,4.80,4.60,4.60,4.20,4.50,3.75,3.75,3.75,3.50,4.00,4.00,5.00,4.00,3.00,4.50,4.50,4.50,4.50,4.50,,3.25,3.25
2015,DEC,53,2015-12-31,5.00,5.00,5.00,5.00,4.50,5.00,5.00,4.75,3.75,,,,,,,,,,,,4.00,4.00
2016,JAN,1,2016-01-01,4.00,4.00,3.00,4.00,4.00,4.00,4.00,4.00,4.00,,,,,,4.00,4.00,3.00,3.00,3.00,,4.00,4.00
2016,JAN,1,2016-01-02,4.50,4.33,4.50,4.50,4.33,3.83,4.00,3.83,2.83,3.00,2.50,3.00,3.00,3.00,2.50,1.00,2.25,3.00,1.75,3.00,4.00,3.80
2016,JAN,2,2016-01-03,5.00,5.00,5.00,4.86,4.67,5.00,4.71,4.57,3.43,2.50,2.50,2.50,2.50,2.50,3.50,3.25,3.25,2.50,2.75,,4.17,4.20
2016,JAN,2,2016-01-05,4.50,4.50,4.50,4.50,4.50,4.50,3.50,4.50,2.50,,,,,,5.00,5.00,5.00,5.00,5.00,5.00,3.00,
2016,JAN,2,2016-01-06,5.00,5.00,5.00,4.67,4.67,4.33,4.33,4.33,4.33,5.00,5.00,5.00,3.00,4.00,4.50,5.00,5.00,3.00,5.00,,4.67,4.67
2016,JAN,2,2016-01-07,5.00,5.00,5.00,5.00,5.00,5.00,3.00,5.00,5.00,,,,,,,,,,,,,
2016,JAN,2,2016-01-08,5.00,5.00,5.00,5.00,5.00,3.00,4.00,1.00,3.00,,,,,,1.00,4.00,4.00,1.00,3.00,,,
2016,JAN,2,2016-01-09,3.00,3.00,3.00,2.00,2.00,3.00,1.00,3.00,4.00,,,,,,,,,,,,1.00,1.00
2016,JAN,3,2016-01-10,4.57,4.71,4.43,4.43,4.29,4.57,4.71,4.43,4.43,4.00,4.50,4.00,4.50,4.00,3.80,4.00,4.00,3.40,3.80,5.00,5.00,5.00
2016,JAN,3,2016-01-11,5.00,5.00,5.00,5.00,5.00,5.00,5.00,5.00,5.00,,,,,,,,,,,,5.00,5.00
2016,JAN,3,2016-01-13,5.00,5.00,5.00,5.00,5.00,5.00,4.00,5.00,5.00,,,,,,,,,,,,,
2016,JAN,3,2016-01-16,5.00,5.00,5.00,5.00,5.00,5.00,5.00,5.00,5.00,,,,,,5.00,5.00,5.00,5.00,5.00,,,
2016,JAN,4,2016-01-17,5.00,5.00,5.00,5.00,5.00,5.00,5.00,,,,,,,,4.00,4.00,5.00,4.00,3.00,,,
2016,JAN,4,2016-01-18,4.60,4.40,4.20,4.80,4.40,4.40,4.60,4.20,4.20,4.00,5.00,5.00,5.00,4.00,3.50,4.50,3.00,4.50,4.00,,4.67,4.67
2016,JAN,4,2016-01-21,4.50,5.00,4.50,5.00,5.00,5.00,5.00,5.00,5.00,,,,,,4.33,5.00,5.00,4.00,4.00,5.00,5.00,5.00
2016,JAN,4,2016-01-22,4.50,4.50,4.00,4.50,4.50,4.00,3.00,2.50,1.50,,,,,,,,,,,,2.00,4.00
2016,JAN,4,2016-01-23,5.00,5.00,5.00,5.00,5.00,5.00,5.00,4.50,3.50,,,,,,4.00,4.00,5.00,5.00,4.00,,4.00,4.00
2016,JAN,5,2016-01-24,4.27,4.09,4.09,4.60,4.50,4.60,3.91,3.91,3.27,3.33,4.00,4.00,3.67,3.33,3.67,4.50,4.50,3.67,3.83,,3.88,3.63
2016,JAN,5,2016-01-25,4.67,4.33,4.00,4.67,4.67,4.67,4.67,4.67,4.67,,,,,,4.00,4.50,4.50,4.00,4.00,,4.50,4.33
2016,JAN,5,2016-01-26,4.67,4.67,4.67,5.00,5.00,4.67,4.67,4.33,3.33,5.00,3.00,5.00,3.00,5.00,5.00,2.00,2.50,3.50,3.50,,5.00,5.00
2016,JAN,5,2016-01-27,5.00,5.00,4.50,5.00,5.00,4.00,5.00,4.50,3.50,,,,,,5.00,4.00,5.00,5.00,5.00,5.00,3.00,5.00
2016,JAN,5,2016-01-28,4.33,4.67,4.33,4.33,4.67,4.67,5.00,4.67,4.33,,,,,,,,,,,,5.00,5.00
2016,JAN,5,2016-01-30,4.00,5.00,5.00,1.00,2.00,5.00,5.00,5.00,5.00,2.00,4.00,4.00,1.00,1.00,3.00,4.00,4.00,3.00,3.00,,4.00,4.00
2016,JAN,6,2016-01-31,4.80,4.09,4.20,4.30,4.20,4.45,4.00,4.45,3.27,2.00,2.00,2.00,3.33,2.67,4.00,3.67,4.00,3.00,2.33,,3.75,3.75
2016,FEB,6,2016-02-28,4.90,4.50,4.40,4.30,4.50,4.10,3.90,3.90,3.20,3.33,3.67,3.67,4.00,3.67,3.20,3.00,3.20,4.00,4.00,4.00,4.20,4.40
2016,FEB,6,2016-02-29,4.00,4.00,4.00,4.00,4.00,4.00,4.00,3.00,3.00,,,,,,4.00,4.00,4.00,3.00,4.00,,2.00,2.00
2016,FEB,7,2016-02-02,4.33,4.33,3.33,3.75,3.50,4.75,4.75,4.25,4.50,5.00,3.00,4.00,,,4.00,4.50,4.50,4.50,4.00,,3.00,4.00
2016,FEB,7,2016-02-05,5.00,4.00,4.00,4.50,4.00,4.00,3.50,3.50,4.00,,,,,,5.00,5.00,5.00,5.00,5.00,,3.00,3.00
2016,FEB,7,2016-02-07,,,,3.00,3.00,4.00,4.00,3.00,3.00,,,,,,3.00,3.00,3.00,3.00,3.00,,,
2016,FEB,7,2016-02-08,5.00,5.00,5.00,5.00,5.00,5.00,5.00,5.00,5.00,,,,,,,,,,,,,
2016,FEB,7,2016-02-09,5.00,5.00,5.00,5.00,5.00,5.00,5.00,5.00,5.00,,,,,,5.00,5.00,5.00,5.00,5.00,,5.00,5.00
2016,FEB,7,2016-02-10,4.00,4.00,3.25,3.75,3.75,4.50,4.25,4.25,4.25,2.00,3.00,3.00,1.00,,,,,,,,,
2016,FEB,8,2016-02-11,5.00,5.00,5.00,5.00,5.00,4.00,4.00,5.00,5.00,4.00,5.00,5.00,4.00,5.00,5.00,5.00,5.00,5.00,5.00,5.00,,
2016,FEB,8,2016-02-12,3.00,4.00,4.00,2.50,3.50,4.00,4.50,4.50,4.50,2.00,2.00,2.00,2.00,2.00,1.50,2.50,2.50,2.50,1.50,,,
2016,FEB,8,2016-02-14,3.33,3.33,3.33,3.33,3.00,4.33,4.33,4.33,3.00,2.00,3.00,3.00,3.00,2.00,3.33,3.33,3.33,3.33,3.00,4.00,4.00,4.00
2016,FEB,8,2016-02-15,4.90,4.70,4.70,4.54,4.85,4.42,4.17,4.25,3.33,3.50,4.50,4.50,2.50,3.50,3.67,4.67,4.33,3.33,3.33,,4.09,3.90
2016,FEB,8,2016-02-17,4.00,4.00,4.00,3.00,4.00,5.00,5.00,5.00,4.00,,,,,,4.00,1.00,1.00,4.00,1.00,,4.00,3.00
2016,FEB,9,2016-02-18,4.17,4.17,4.17,4.00,3.57,4.71,4.14,4.43,4.29,,,,,,4.50,4.50,4.67,3.00,3.00,,4.67,4.33
2016,FEB,9,2016-02-19,5.00,5.00,5.00,5.00,5.00,4.00,5.00,4.00,3.00,,,,,,5.00,5.00,5.00,4.00,5.00,,5.00,5.00
2016,FEB,9,2016-02-21,4.63,4.75,4.38,4.44,4.56,4.67,4.56,4.11,3.89,4.00,4.50,4.75,4.50,4.25,3.67,4.50,4.33,3.33,3.60,5.00,3.83,3.83
2016,FEB,9,2016-02-22,5.00,5.00,5.00,3.00,4.00,4.00,5.00,3.00,5.00,,,,,,,,,,,,4.00,
2016,FEB,10,2016-02-23,5.00,5.00,5.00,5.00,5.00,5.00,5.00,5.00,5.00,,,,,,3.00,1.00,1.00,2.00,1.00,,2.00,5.00
2016,FEB,10,2016-02-25,5.00,5.00,5.00,5.00,5.00,4.33,4.67,4.33,4.33,,,,,,4.50,5.00,5.00,4.00,4.50,4.00,4.33,3.50
2016,MAR,10,2016-03-03,3.00,3.50,3.00,4.00,4.00,4.33,4.33,4.33,4.33,2.00,2.00,3.00,3.00,1.00,4.00,4.00,4.33,4.33,3.33,3.00,3.50,4.00
2016,MAR,10,2016-03-04,5.00,5.00,5.00,5.00,5.00,5.00,4.00,4.00,4.00,,,,,,,,,,,,4.00,4.00
2016,MAR,11,2016-03-06,4.82,4.55,4.73,4.64,4.45,4.40,3.90,4.10,3.50,,,,,,4.00,3.50,3.50,4.00,4.00,,4.57,4.43
2016,MAR,11,2016-03-07,4.00,4.25,3.33,4.50,4.00,4.00,4.00,3.75,3.25,,,,,,3.00,4.00,4.25,3.50,3.50,4.00,4.50,4.50
2016,MAR,11,2016-03-10,5.00,5.00,5.00,3.00,3.50,5.00,5.00,4.50,4.50,,,,,,4.00,5.00,5.00,5.00,2.00,,2.50,2.00
2016,MAR,11,2016-03-11,5.00,4.00,4.00,5.00,4.00,5.00,4.00,4.00,5.00,,,,,,,,,,,,4.00,2.00
2016,MAR,11,2016-03-12,5.00,5.00,5.00,5.00,5.00,5.00,5.00,5.00,5.00,,,,,,,,,,,,3.00,
2016,MAR,12,2016-03-13,5.00,5.00,5.00,5.00,5.00,4.00,3.25,3.75,3.50,5.00,3.00,4.00,5.00,,2.00,4.00,4.00,2.00,2.00,,4.00,2.50
2016,MAR,12,2016-03-14,4.67,5.00,4.67,4.33,4.67,5.00,4.67,4.67,4.67,5.00,5.00,5.00,5.00,5.00,5.00,5.00,5.00,5.00,5.00,5.00,3.00,4.50
2016,MAR,12,2016-03-16,5.00,4.50,4.50,5.00,4.50,4.50,4.50,5.00,4.50,,,,,,2.50,3.50,3.50,2.00,1.50,4.00,3.00,1.50
2016,MAR,12,2016-03-17,5.00,5.00,5.00,5.00,5.00,5.00,5.00,5.00,5.00,,,,,,,,,,,,,
2016,MAR,12,2016-03-19,4.00,5.00,4.00,5.00,5.00,5.00,4.00,5.00,4.00,4.00,5.00,5.00,4.00,4.00,,,,,,,5.00,5.00
2016,MAR,13,2016-03-20,4.78,4.78,4.78,4.80,4.70,4.44,3.67,4.00,3.89,4.50,4.50,4.50,4.00,4.00,4.20,4.20,4.17,3.83,3.33,2.00,4.13,4.13
2016,MAR,13,2016-03-21,4.67,4.67,4.33,4.00,4.00,4.67,4.33,4.33,2.33,,,,,,4.00,4.00,3.00,3.50,3.00,,2.67,3.00
2016,MAR,13,2016-03-22,5.00,5.00,5.00,5.00,5.00,5.00,5.00,5.00,5.00,,,,,,,,,,,,5.00,5.00
2016,MAR,13,2016-03-23,3.50,3.50,3.50,4.00,4.00,4.50,4.50,4.50,4.50,,,,,,5.00,5.00,5.00,5.00,5.00,,3.50,1.00
2016,MAR,13,2016-03-24,5.00,5.00,5.00,5.00,,5.00,4.00,5.00,5.00,,,,,,4.00,5.00,5.00,4.00,4.00,,5.00,5.00
2016,MAR,13,2016-03-25,4.67,4.50,4.67,3.50,3.75,4.25,3.75,4.00,3.50,,,,,,2.50,2.50,2.50,3.00,3.00,,3.00,3.33
2016,MAR,13,2016-03-26,5.00,5.00,5.00,5.00,5.00,5.00,3.00,4.50,2.50,,,,,,5.00,5.00,5.00,5.00,4.00,,2.50,4.00
2016,MAR,14,2016-03-27,5.00,5.00,4.75,5.00,4.75,4.75,4.50,4.00,4.25,4.00,5.00,5.00,5.00,4.00,5.00,5.00,5.00,5.00,5.00,,4.00,4.00
2016,MAR,14,2016-03-29,5.00,5.00,5.00,5.00,5.00,5.00,5.00,5.00,3.00,,,,,,,,,,,5.00,5.00,2.00
2016,MAR,14,2016-03-30,4.50,4.50,4.50,4.50,4.00,4.50,4.00,4.00,3.00,,,,,,,,,,,,3.00,2.50
2016,MAR,14,2016-03-31,5.00,5.00,5.00,5.00,4.00,5.00,5.00,5.00,5.00,,,,,,5.00,4.00,4.00,4.00,4.00,,4.00,5.00
2016,APR,14,2016-04-01,5.00,5.00,5.00,5.00,5.00,4.00,4.00,4.00,2.00,,,,,,4.00,4.00,4.00,4.00,3.00,,5.00,4.00
2016,APR,14,2016-04-02,4.00,4.00,4.00,5.00,5.00,4.00,5.00,4.00,5.00,,,,,,3.00,3.00,4.00,3.00,3.00,,5.00,4.00
2016,APR,15,2016-04-03,5.00,5.00,5.00,4.50,5.00,5.00,5.00,5.00,5.00,,,,,,,,,,,,4.50,4.50
2016,APR,15,2016-04-08,5.00,5.00,5.00,5.00,5.00,5.00,5.00,5.00,5.00,,,,,,,,,,,,,
2016,APR,16,2016-04-10,5.00,5.00,5.00,5.00,5.00,3.00,3.00,4.50,3.00,,,,,,,,,,,,3.00,3.00
2016,APR,16,2016-04-12,5.00,5.00,5.00,5.00,5.00,5.00,1.00,5.00,1.00,,,,,,,,,,,,,
2016,APR,16,2016-04-16,5.00,4.00,,5.00,5.00,5.00,5.00,5.00,5.00,,,,,,,,,,,,5.00,5.00
2016,APR,18,2016-04-28,,,,2.00,1.00,4.00,4.00,4.00,3.00,,,,,,,,,,,,,
2016,APR,18,2016-04-30,5.00,5.00,5.00,5.00,5.00,5.00,5.00,5.00,5.00,,,,,,,,,,,,5.00,5.00
2016,MAY,19,2016-05-01,1.00,,,,,2.00,3.00,3.00,,,,,,,,,,,,,3.00,3.00
2016,MAY,19,2016-05-03,5.00,5.00,5.00,4.00,3.00,5.00,5.00,5.00,2.00,,,,,,,,,,,,5.00,5.00
2016,MAY,20,2016-05-08,5.00,5.00,5.00,5.00,5.00,5.00,3.50,5.00,4.50,,,,,,,,,,,,5.00,5.00
2016,MAY,20,2016-05-09,5.00,5.00,5.00,5.00,5.00,2.00,5.00,4.00,3.00,,,,,,,,,,,,,
2016,MAY,20,2016-05-11,2.00,2.00,2.00,2.00,2.00,2.00,4.00,4.00,1.00,,,,,,,,,,,,,
2016,MAY,20,2016-05-13,3.00,3.00,3.00,3.00,3.00,3.00,,2.00,,,,,,,,,,,,,,
2016,MAY,21,2016-05-16,5.00,5.00,5.00,5.00,5.00,5.00,5.00,5.00,5.00,,,,,,,,,,,,,
2016,MAY,21,2016-05-17,3.00,4.00,4.00,3.00,4.00,2.00,3.00,2.00,2.00,,,,,,,,,,,,,
2016,MAY,21,2016-05-20,5.00,5.00,5.00,5.00,5.00,4.50,5.00,3.00,3.50,,,,,,,,,,,,,
2016,MAY,21,2016-05-21,5.00,5.00,5.00,5.00,5.00,5.00,5.00,5.00,5.00,,,,,,,,,,,,,
2016,MAY,22,2016-05-22,4.60,4.80,4.80,4.80,4.80,4.80,4.20,4.60,3.60,2.00,3.00,2.00,1.50,2.00,,,,,,,4.67,4.67
2016,MAY,22,2016-05-23,4.00,4.00,4.00,4.00,4.00,4.00,4.00,4.00,4.00,,,,,,,,,,,,,
2016,MAY,22,2016-05-25,5.00,5.00,5.00,5.00,5.00,5.00,5.00,5.00,5.00,,,,,,,,,,,,5.00,5.00
2016,MAY,22,2016-05-26,4.00,4.00,4.00,5.00,5.00,5.00,5.00,5.00,5.00,4.00,4.00,4.00,4.00,4.00,4.00,4.00,4.00,4.00,4.00,4.00,,
2016,MAY,22,2016-05-27,5.00,5.00,5.00,3.00,4.00,4.00,4.00,4.00,4.00,,,,,,,,,,,,,
2016,MAY,23,2016-05-29,5.00,5.00,5.00,5.00,5.00,5.00,3.00,4.00,5.00,,,,,,4.00,5.00,5.00,4.00,4.00,,,
2016,MAY,23,2016-05-30,4.00,1.00,3.00,5.00,5.00,5.00,4.00,5.00,5.00,,,,,,4.00,3.00,3.00,2.00,4.00,,,
2016,JUN,23,2016-06-02,5.00,,,5.00,,5.00,5.00,4.00,5.00,1.00,3.00,4.00,3.00,4.00,,,,,,,,
2016,JUN,23,2016-06-03,5.00,5.00,5.00,5.00,5.00,5.00,5.00,4.33,5.00,5.00,5.00,5.00,5.00,5.00,4.67,4.00,4.67,4.67,5.00,5.00,,
2016,JUN,24,2016-06-05,5.00,5.00,5.00,5.00,5.00,5.00,4.50,5.00,5.00,3.50,4.50,4.50,3.50,3.50,4.00,5.00,4.00,4.00,4.00,,5.00,5.00
2016,JUN,24,2016-06-10,5.00,4.00,5.00,5.00,5.00,5.00,5.00,5.00,5.00,,,,,,,,,,,,,
2016,JUN,24,2016-06-11,5.00,4.00,4.00,4.00,4.00,5.00,5.00,5.00,5.00,5.00,5.00,4.00,4.00,5.00,5.00,5.00,5.00,5.00,5.00,,,
2016,JUN,25,2016-06-14,4.67,4.67,4.67,5.00,5.00,5.00,5.00,4.00,3.33,4.00,2.00,5.00,3.00,3.00,,,,,,,4.00,4.00
2016,JUN,25,2016-06-15,4.00,4.00,4.00,4.00,3.00,4.00,4.00,4.00,4.00,3.00,4.00,4.00,4.00,4.00,,,,,,,5.00,5.00
2016,JUN,25,2016-06-16,4.00,4.00,4.00,4.00,4.00,5.00,5.00,3.00,5.00,4.00,5.00,4.00,5.00,5.00,3.00,5.00,5.00,4.00,4.00,,,
2016,JUN,25,2016-06-17,5.00,5.00,5.00,5.00,5.00,4.00,4.00,3.00,5.00,,,,,,,,,,,,,
2016,JUN,26,2016-06-19,5.00,5.00,5.00,4.50,5.00,4.50,4.50,3.00,4.50,4.50,3.00,4.50,4.00,4.00,5.00,5.00,5.00,4.00,5.00,5.00,,
2016,JUN,26,2016-06-20,4.50,4.00,5.00,4.67,4.67,4.33,4.33,4.00,4.33,4.00,4.00,4.00,3.00,4.00,5.00,4.00,4.00,5.00,5.00,,5.00,4.00
2016,JUN,26,2016-06-23,5.00,5.00,5.00,5.00,5.00,5.00,5.00,5.00,5.00,5.00,5.00,5.00,5.00,5.00,,,,,,,,
2016,JUN,26,2016-06-24,4.25,4.00,3.75,4.50,4.50,4.00,4.25,3.50,3.75,4.00,2.00,3.00,3.00,3.67,4.00,4.00,4.00,2.50,3.75,2.00,5.00,4.00
2016,JUN,27,2016-06-26,4.40,4.20,3.80,4.60,4.75,4.40,4.60,4.20,4.60,4.00,3.80,4.20,3.80,3.40,4.33,4.00,3.00,4.00,3.67,4.00,4.00,4.00
2016,JUN,27,2016-06-27,5.00,3.00,3.00,5.00,3.00,4.00,5.00,4.00,5.00,,,,,,,,,,,,5.00,5.00
2016,JUN,27,2016-06-28,5.00,5.00,5.00,4.50,4.50,4.50,4.50,4.00,4.50,5.00,5.00,5.00,5.00,5.00,3.00,3.00,3.00,3.00,3.00,,5.00,5.00
2016,JUN,27,2016-06-29,5.00,5.00,5.00,5.00,5.00,4.00,4.00,4.00,2.00,,,,,,3.00,3.00,3.00,2.00,3.00,,,
2016,JUN,27,2016-06-30,,,,4.00,5.00,5.00,5.00,5.00,4.00,,,,,,5.00,5.00,5.00,4.00,4.00,,5.00,5.00
2016,JUL,27,2016-07-02,4.00,4.00,4.00,5.00,5.00,4.00,4.00,4.00,3.00,,,,,,,,,,,,,
2016,JUL,28,2016-07-03,4.67,4.67,4.67,4.67,4.67,4.67,4.67,4.33,4.67,4.50,4.00,4.50,4.50,4.50,4.00,2.00,4.00,3.00,3.00,,4.50,4.00
2016,JUL,28,2016-07-04,4.75,4.50,4.33,4.75,4.50,4.25,4.75,3.50,3.75,4.00,3.00,4.00,4.67,4.00,3.50,4.00,4.33,3.67,3.67,,3.50,2.50
2016,JUL,28,2016-07-05,5.00,5.00,5.00,4.60,4.60,4.60,4.60,4.25,4.20,3.67,1.67,2.33,3.67,3.00,3.50,3.00,2.50,3.00,3.00,,5.00,5.00
2016,JUL,28,2016-07-06,5.00,5.00,5.00,5.00,5.00,4.50,5.00,4.50,5.00,5.00,4.50,5.00,3.50,5.00,4.50,4.00,4.50,4.00,5.00,,5.00,5.00
2016,JUL,28,2016-07-07,4.25,3.50,3.75,4.60,4.00,4.80,4.40,4.60,4.40,4.33,4.33,4.67,5.00,4.00,5.00,3.00,3.00,4.00,2.50,,5.00,5.00
2016,JUL,28,2016-07-09,5.00,5.00,5.00,5.00,5.00,5.00,5.00,5.00,5.00,4.00,4.00,4.00,4.00,4.00,,,,,,,,
2016,JUL,29,2016-07-10,5.00,4.00,5.00,5.00,4.00,5.00,4.00,3.00,5.00,,,,,,,,,,,,,
2016,JUL,29,2016-07-12,5.00,5.00,5.00,4.50,4.50,4.00,4.50,4.00,4.50,,,,,,5.00,5.00,5.00,5.00,5.00,5.00,,
2016,JUL,29,2016-07-13,5.00,5.00,5.00,5.00,5.00,5.00,5.00,5.00,3.50,5.00,5.00,5.00,5.00,5.00,5.00,5.00,5.00,5.00,5.00,5.00,,
2016,JUL,29,2016-07-14,4.00,4.00,4.00,5.00,5.00,4.50,5.00,4.00,5.00,,,,,,5.00,5.00,5.00,5.00,5.00,5.00,5.00,5.00
2016,JUL,29,2016-07-15,5.00,5.00,5.00,5.00,5.00,4.00,4.00,4.00,4.50,5.00,5.00,5.00,5.00,5.00,,,,,,,5.00,5.00
2016,JUL,30,2016-07-17,5.00,5.00,,5.00,5.00,5.00,5.00,5.00,5.00,4.00,4.00,,5.00,4.00,4.00,4.00,,4.00,4.00,,,
2016,JUL,30,2016-07-19,4.00,4.00,4.00,3.00,3.00,4.00,3.00,4.00,,,,,,,4.00,3.00,4.00,3.00,3.00,,,
2016,JUL,30,2016-07-20,4.50,4.38,4.13,4.50,4.25,4.86,4.14,4.57,4.29,4.57,4.67,4.67,4.60,4.75,4.75,4.83,4.83,4.60,4.33,5.00,5.00,5.00
2016,JUL,30,2016-07-21,5.00,5.00,5.00,4.75,4.50,4.25,4.25,3.75,4.00,3.50,4.50,4.50,3.50,3.50,5.00,5.00,5.00,5.00,5.00,,4.00,5.00
2016,JUL,30,2016-07-22,5.00,5.00,5.00,5.00,5.00,5.00,5.00,5.00,3.50,5.00,5.00,5.00,5.00,5.00,5.00,5.00,5.00,5.00,5.00,5.00,5.00,5.00
2016,JUL,30,2016-07-23,4.67,4.33,4.33,5.00,5.00,4.33,4.33,3.33,3.00,5.00,5.00,5.00,5.00,4.50,5.00,5.00,5.00,5.00,4.50,,,
2016,JUL,31,2016-07-24,4.75,4.75,4.75,4.89,4.56,4.56,4.11,4.44,4.11,4.00,4.25,4.00,4.00,4.00,4.20,4.40,4.50,4.25,4.00,1.00,4.75,4.50
2016,JUL,31,2016-07-25,,5.00,,5.00,5.00,5.00,5.00,5.00,4.00,5.00,5.00,5.00,5.00,5.00,,,,,,,,
2016,JUL,31,2016-07-26,4.67,4.67,4.67,4.75,4.00,4.25,4.25,3.75,4.00,4.00,4.00,4.00,4.00,4.00,3.00,4.33,4.00,3.67,2.33,,3.00,3.00
2016,JUL,31,2016-07-27,4.50,3.00,4.00,4.50,3.50,4.00,4.00,3.50,4.00,4.00,4.00,4.00,4.00,4.00,3.50,3.50,4.00,4.00,4.00,,5.00,5.00
2016,JUL,31,2016-07-28,3.57,3.38,3.57,3.50,3.25,4.38,3.50,4.50,3.38,3.33,2.33,3.00,2.67,3.00,3.50,3.50,4.00,3.50,4.00,2.50,,
2016,JUL,31,2016-07-29,4.75,5.00,5.00,4.50,4.75,4.75,4.50,4.50,4.50,4.50,2.67,3.00,3.50,4.50,4.00,3.00,4.00,4.00,4.00,,5.00,5.00
2016,JUL,32,2016-07-31,3.67,3.67,3.67,4.25,3.75,3.75,3.50,3.75,3.50,5.00,4.50,5.00,4.50,4.00,3.67,4.67,4.67,4.67,4.33,,3.00,3.00
2016,AUG,32,2016-08-01,2.50,2.00,1.50,2.00,2.00,4.00,4.00,4.00,4.00,3.00,4.00,4.00,2.00,4.00,4.00,4.00,4.50,4.00,4.50,,5.00,5.00
2016,AUG,32,2016-08-02,4.25,4.25,4.00,3.40,3.40,4.20,4.60,3.80,4.60,5.00,5.00,5.00,5.00,5.00,4.00,5.00,5.00,4.00,4.00,,,
2016,AUG,32,2016-08-03,5.00,5.00,3.00,5.00,5.00,5.00,5.00,5.00,3.00,5.00,5.00,5.00,5.00,5.00,,,,,,,,
2016,AUG,32,2016-08-04,4.50,4.50,4.50,4.50,4.00,5.00,5.00,5.00,5.00,4.50,3.00,3.50,4.00,4.50,4.00,4.50,4.00,3.50,4.00,5.00,,
2016,AUG,32,2016-08-05,4.25,4.60,4.50,4.40,4.40,4.50,4.50,4.00,3.50,4.33,4.33,4.00,4.33,4.33,5.00,3.50,4.00,3.50,3.50,4.00,4.00,4.00
2016,AUG,32,2016-08-06,4.00,4.00,2.50,5.00,5.00,4.00,2.00,4.50,2.50,4.00,4.00,4.00,2.00,4.00,3.00,4.00,4.00,3.00,5.00,,,
2016,AUG,33,2016-08-07,5.00,5.00,5.00,5.00,5.00,5.00,5.00,5.00,3.00,5.00,5.00,5.00,5.00,5.00,5.00,5.00,,4.00,4.00,4.00,,
2016,AUG,33,2016-08-09,5.00,5.00,5.00,5.00,5.00,5.00,4.50,4.50,5.00,,,,,,,,,,,,5.00,
2016,AUG,33,2016-08-10,5.00,5.00,4.00,5.00,4.00,5.00,4.50,5.00,4.50,5.00,5.00,5.00,5.00,5.00,4.50,5.00,4.50,4.50,4.00,,,
2016,AUG,33,2016-08-11,4.00,4.00,4.00,5.00,5.00,4.00,4.00,4.00,3.00,4.00,4.00,4.00,4.00,4.00,,,,,,,,
2016,AUG,33,2016-08-12,5.00,2.50,2.00,3.50,3.00,5.00,5.00,5.00,4.50,5.00,5.00,5.00,5.00,5.00,4.50,4.50,4.50,4.50,4.50,5.00,5.00,3.00
2016,AUG,33,2016-08-13,5.00,5.00,5.00,5.00,5.00,4.50,4.50,3.00,2.00,4.00,3.00,3.00,3.00,4.00,,,,,,,4.00,4.00
2016,AUG,34,2016-08-14,4.33,4.11,4.50,4.22,4.00,4.33,4.78,3.78,3.89,4.40,4.20,4.60,3.80,4.20,3.17,3.50,3.33,3.40,3.40,5.00,4.40,4.25
2016,AUG,34,2016-08-15,5.00,5.00,5.00,5.00,5.00,5.00,5.00,5.00,2.00,,,,,,5.00,3.00,5.00,5.00,5.00,,5.00,5.00
2016,AUG,34,2016-08-16,4.50,4.00,3.50,2.50,2.50,5.00,5.00,5.00,4.00,4.50,3.00,3.00,4.50,3.50,4.00,4.00,4.50,4.50,4.00,4.00,5.00,5.00
2016,AUG,34,2016-08-17,5.00,5.00,5.00,5.00,5.00,5.00,3.00,1.00,5.00,5.00,5.00,5.00,5.00,5.00,5.00,5.00,5.00,5.00,5.00,,5.00,5.00
2016,AUG,34,2016-08-18,5.00,5.00,5.00,5.00,5.00,4.67,4.33,4.33,3.67,3.67,3.33,4.67,3.33,4.00,3.00,4.00,4.50,3.50,3.00,5.00,3.00,3.00
2016,AUG,34,2016-08-19,5.00,5.00,5.00,5.00,5.00,5.00,5.00,5.00,4.00,5.00,5.00,5.00,5.00,5.00,,,,,,,5.00,5.00
2016,AUG,35,2016-08-21,4.25,4.00,4.00,4.50,4.25,3.25,3.25,3.00,2.75,4.00,1.50,2.50,3.00,2.50,3.50,2.50,3.00,3.00,3.00,4.00,3.50,1.00
2016,AUG,35,2016-08-22,4.33,4.00,3.67,4.67,4.33,4.33,3.00,3.33,2.33,4.00,2.67,3.67,3.33,3.33,4.50,5.00,4.00,4.50,4.50,,4.00,2.00
2016,AUG,35,2016-08-23,4.67,4.67,4.50,4.83,4.33,4.00,4.00,4.33,4.60,4.40,4.80,4.60,4.00,4.20,4.67,5.00,4.67,4.00,4.33,,3.67,3.00
2016,AUG,35,2016-08-24,5.00,4.50,4.50,4.50,3.50,5.00,5.00,5.00,3.50,5.00,5.00,5.00,5.00,5.00,,,,,,,4.50,4.50
2016,AUG,35,2016-08-25,5.00,5.00,4.00,5.00,5.00,5.00,5.00,5.00,5.00,5.00,5.00,5.00,5.00,5.00,3.00,4.00,4.00,4.00,3.00,,5.00,5.00
2016,AUG,35,2016-08-26,4.67,4.67,4.67,4.67,4.67,4.67,4.67,4.67,4.67,5.00,4.00,3.50,4.50,4.50,4.00,4.00,4.00,4.00,4.00,,5.00,5.00
2016,AUG,35,2016-08-27,5.00,4.67,4.67,5.00,4.67,5.00,3.67,4.00,4.33,5.00,5.00,5.00,5.00,5.00,4.50,4.50,4.50,4.50,4.50,3.00,5.00,4.00
2016,AUG,36,2016-08-28,4.50,4.50,4.67,4.00,3.40,4.20,3.40,3.40,3.40,2.67,2.00,2.00,2.67,2.67,3.25,3.25,3.50,3.50,3.25,,3.50,3.50
2016,AUG,36,2016-08-29,5.00,5.00,5.00,5.00,5.00,5.00,5.00,5.00,5.00,4.50,5.00,5.00,4.50,5.00,,,,,,,5.00,5.00
2016,AUG,36,2016-08-30,5.00,5.00,5.00,5.00,5.00,4.33,4.33,4.33,4.33,5.00,4.00,5.00,4.00,4.00,5.00,4.00,5.00,3.00,5.00,,5.00,3.00
2016,AUG,36,2016-08-31,5.00,4.00,5.00,5.00,5.00,4.00,5.00,4.00,3.00,4.00,5.00,5.00,3.00,4.00,,,,,,,,
2016,SEP,36,2016-09-01,4.00,4.00,4.00,4.00,4.00,5.00,5.00,5.00,5.00,,,,,,,,,,,,,
2016,SEP,36,2016-09-02,4.80,4.80,4.80,4.20,4.40,4.80,4.80,4.60,4.80,4.25,4.00,4.00,3.50,4.50,4.33,4.33,4.33,3.67,4.33,5.00,5.00,2.00
2016,SEP,37,2016-09-04,3.33,3.00,3.00,4.00,4.00,4.50,3.33,4.50,4.00,5.00,5.00,5.00,4.50,5.00,5.00,5.00,5.00,5.00,5.00,5.00,3.33,3.33
2016,SEP,37,2016-09-05,4.75,4.75,4.75,4.80,5.00,4.60,4.60,4.40,4.40,4.67,4.67,4.33,4.33,4.33,5.00,4.50,4.75,5.00,4.75,,5.00,3.67
2016,SEP,37,2016-09-07,5.00,5.00,5.00,5.00,5.00,4.50,4.50,4.50,3.50,5.00,5.00,5.00,5.00,5.00,4.00,5.00,5.00,4.00,4.50,,,
2016,SEP,37,2016-09-08,5.00,5.00,4.75,4.75,4.75,4.75,4.00,4.25,4.00,5.00,5.00,5.00,5.00,5.00,4.00,4.00,4.00,4.00,3.00,,5.00,5.00
2016,SEP,38,2016-09-11,4.83,4.50,4.83,5.00,5.00,4.17,4.33,4.17,3.83,5.00,5.00,4.67,4.67,4.67,4.00,5.00,5.00,3.00,4.00,,4.50,5.00
2016,SEP,38,2016-09-12,5.00,5.00,5.00,5.00,,5.00,5.00,4.00,4.00,5.00,4.00,5.00,5.00,5.00,5.00,4.00,5.00,4.00,5.00,,,
2016,SEP,38,2016-09-14,4.60,4.40,4.50,4.40,4.40,4.60,4.60,4.40,4.20,4.33,3.33,4.33,3.67,4.00,4.00,2.00,3.00,2.00,1.00,,,
2016,SEP,38,2016-09-15,5.00,5.00,5.00,5.00,5.00,5.00,5.00,3.00,5.00,4.00,2.00,,4.00,4.00,,,,,,,5.00,5.00
2016,SEP,38,2016-09-16,5.00,5.00,5.00,5.00,5.00,5.00,3.00,4.00,5.00,5.00,5.00,5.00,5.00,3.00,5.00,5.00,5.00,5.00,3.00,,,
2016,SEP,39,2016-09-19,5.00,5.00,5.00,5.00,5.00,5.00,4.50,5.00,4.50,4.50,5.00,5.00,4.50,4.50,5.00,5.00,5.00,5.00,5.00,,,
2016,SEP,39,2016-09-20,5.00,5.00,5.00,5.00,5.00,5.00,5.00,5.00,5.00,5.00,5.00,5.00,5.00,5.00,5.00,5.00,5.00,5.00,5.00,5.00,5.00,5.00
2016,SEP,39,2016-09-21,5.00,5.00,5.00,5.00,5.00,4.33,4.33,3.33,5.00,4.33,5.00,5.00,3.33,4.00,5.00,5.00,4.00,3.00,4.00,,5.00,5.00
2016,SEP,39,2016-09-22,4.00,4.00,4.00,5.00,5.00,4.00,5.00,5.00,5.00,4.00,4.00,4.00,3.00,4.00,4.00,4.00,4.00,5.00,4.00,,,
2016,SEP,39,2016-09-23,,,,5.00,5.00,5.00,,5.00,5.00,5.00,5.00,5.00,5.00,5.00,,,,,,,5.00,5.00
2016,SEP,40,2016-09-25,5.00,5.00,5.00,5.00,5.00,4.20,4.00,4.20,4.60,5.00,4.00,4.50,5.00,4.50,4.50,4.75,4.75,4.25,4.75,5.00,4.00,4.50
2016,SEP,40,2016-09-26,5.00,4.00,4.00,5.00,4.00,5.00,4.00,5.00,5.00,4.00,5.00,5.00,3.00,4.00,1.00,5.00,5.00,1.00,1.00,,4.00,4.00
2016,SEP,40,2016-09-27,5.00,5.00,5.00,5.00,5.00,5.00,4.50,4.50,3.50,,,,,,5.00,5.00,5.00,5.00,5.00,5.00,5.00,5.00
2016,SEP,40,2016-09-28,,,,4.00,3.00,4.00,4.00,4.00,4.00,4.00,1.00,1.00,4.00,4.00,,,,,,,,
2016,SEP,40,2016-09-29,5.00,5.00,5.00,5.00,5.00,4.00,4.33,4.00,4.00,4.50,4.50,4.50,4.50,4.50,4.00,4.00,4.00,3.00,3.00,,,
